locus_tag	gene
BW25113_0001	thrL
BW25113_0002	thrA
BW25113_0003	thrB
BW25113_0004	thrC
BW25113_0005	yaaX
BW25113_0006	yaaA
BW25113_0007	yaaJ
BW25113_0008	talB
BW25113_0009	mog
BW25113_0010	satP
BW25113_0011	yaaW
BW25113_0013	yaaI
BW25113_0014	dnaK
BW25113_0015	dnaJ
BW25113_0016	insL1
BW25113_0018	mokC
BW25113_4412	hokC
BW25113_0019	nhaA
BW25113_0020	nhaR
BW25113_0021	insB1
BW25113_0022	insA
BW25113_0023	rpsT
BW25113_0024	yaaY
BW25113_0025	ribF
BW25113_0026	ileS
BW25113_0027	lspA
BW25113_0028	fkpB
BW25113_0029	ispH
BW25113_0030	rihC
BW25113_0031	dapB
BW25113_0032	carA
BW25113_0033	carB
BW25113_0034	caiF
BW25113_0035	caiE
BW25113_0036	caiD
BW25113_0037	caiC
BW25113_0038	caiB
BW25113_0039	caiA
BW25113_0040	caiT
BW25113_0041	fixA
BW25113_0042	fixB
BW25113_0043	fixC
BW25113_0044	fixX
BW25113_0045	yaaU
BW25113_0046	kefF
BW25113_0047	kefC
BW25113_0048	folA
BW25113_0049	apaH
BW25113_0050	apaG
BW25113_0051	rsmA
BW25113_0052	pdxA
BW25113_0053	surA
BW25113_0054	lptD
BW25113_0055	djlA
BW25113_0058	rluA
BW25113_0059	rapA
BW25113_0060	polB
BW25113_0064	araC
BW25113_0065	yabI
BW25113_0066	thiQ
BW25113_0067	thiP
BW25113_0068	thiB
BW25113_0069	sgrR
BW25113_4662	sgrT
BW25113_0070	setA
BW25113_0071	leuD
BW25113_0072	leuC
BW25113_0073	leuB
BW25113_0074	leuA
BW25113_0075	leuL
BW25113_0076	leuO
BW25113_0077	ilvI
BW25113_0078	ilvH
BW25113_0080	cra
BW25113_0081	mraZ
BW25113_0082	rsmH
BW25113_0083	ftsL
BW25113_0084	ftsI
BW25113_0085	murE
BW25113_0086	murF
BW25113_0087	mraY
BW25113_0088	murD
BW25113_0089	ftsW
BW25113_0090	murG
BW25113_0091	murC
BW25113_0092	ddlB
BW25113_0093	ftsQ
BW25113_0094	ftsA
BW25113_0095	ftsZ
BW25113_0096	lpxC
BW25113_0097	secM
BW25113_0098	secA
BW25113_0099	mutT
BW25113_0101	yacG
BW25113_0102	zapD
BW25113_0103	coaE
BW25113_0104	guaC
BW25113_0106	hofC
BW25113_0107	hofB
BW25113_0108	ppdD
BW25113_0109	nadC
BW25113_0110	ampD
BW25113_0111	ampE
BW25113_0112	aroP
BW25113_0113	pdhR
BW25113_0114	aceE
BW25113_0115	aceF
BW25113_0116	lpd
BW25113_0117	yacH
BW25113_0118	acnB
BW25113_0119	yacL
BW25113_0120	speD
BW25113_0121	speE
BW25113_0122	yacC
BW25113_0123	cueO
BW25113_0124	gcd
BW25113_0125	hpt
BW25113_0126	can
BW25113_0127	yadG
BW25113_0128	yadH
BW25113_0129	yadI
BW25113_0130	yadE
BW25113_0131	panD
BW25113_0132	yadD
BW25113_0133	panC
BW25113_0134	panB
BW25113_0135	yadC
BW25113_0136	yadK
BW25113_0137	yadL
BW25113_0138	yadM
BW25113_0139	htrE
BW25113_0140	yadV
BW25113_0141	yadN
BW25113_0142	folK
BW25113_0143	pcnB
BW25113_0144	gluQ
BW25113_0145	dksA
BW25113_0146	sfsA
BW25113_0147	ligT
BW25113_0148	hrpB
BW25113_0149	mrcB
BW25113_0150	fhuA
BW25113_0151	fhuC
BW25113_0152	fhuD
BW25113_0153	fhuB
BW25113_0154	hemL
BW25113_0155	clcA
BW25113_0156	erpA
BW25113_0157	yadS
BW25113_0158	btuF
BW25113_0159	mtn
BW25113_0160	dgt
BW25113_0161	degP
BW25113_0162	cdaR
BW25113_0163	yaeH
BW25113_0164	yaeI
BW25113_0166	dapD
BW25113_0167	glnD
BW25113_0168	map
BW25113_0169	rpsB
BW25113_0170	tsf
BW25113_0171	pyrH
BW25113_0172	frr
BW25113_0173	dxr
BW25113_0174	ispU
BW25113_0175	cdsA
BW25113_0176	rseP
BW25113_0177	bamA
BW25113_0178	skp
BW25113_0179	lpxD
BW25113_0180	fabZ
BW25113_0181	lpxA
BW25113_0182	lpxB
BW25113_0183	rnhB
BW25113_0184	dnaE
BW25113_0185	accA
BW25113_0186	ldcC
BW25113_0187	yaeR
BW25113_0188	tilS
BW25113_0189	rof
BW25113_4406	yaeP
BW25113_0190	yaeQ
BW25113_0191	arfB
BW25113_0192	nlpE
BW25113_0193	yaeF
BW25113_0194	proS
BW25113_0195	tsaA
BW25113_0196	rcsF
BW25113_0197	metQ
BW25113_0198	metI
BW25113_0199	metN
BW25113_0200	gmhB
BW25113_0207	dkgB
BW25113_0208	yafC
BW25113_0209	yafD
BW25113_0210	yafE
BW25113_0211	mltD
BW25113_0212	gloB
BW25113_0213	yafS
BW25113_0214	rnhA
BW25113_0215	dnaQ
BW25113_0217	yafT
BW25113_4586	ykfM
BW25113_0219	yafV
BW25113_0220	ivy
BW25113_0221	fadE
BW25113_0222	gmhA
BW25113_0223	yafJ
BW25113_0224	yafK
BW25113_0225	yafQ
BW25113_0226	dinJ
BW25113_0227	yafL
BW25113_0228	rayT
BW25113_0231	dinB
BW25113_0232	yafN
BW25113_0233	yafO
BW25113_0234	yafP
BW25113_0237	pepD
BW25113_0238	gpt
BW25113_0239	frsA
BW25113_0240	crl
BW25113_0241	phoE
BW25113_0242	proB
BW25113_0243	proA
BW25113_0245	ykfI
BW25113_0246	yafW
BW25113_4504	ykfH
BW25113_0247	ykfG
BW25113_0248	yafX
BW25113_0249	ykfF
BW25113_0250	ykfB
BW25113_0251	yafY
BW25113_0252	yafZ
BW25113_0253	ykfA
BW25113_0254	perR
BW25113_0256	insI1
BW25113_0259	insH1
BW25113_0260	mmuP
BW25113_0261	mmuM
BW25113_0262	afuC
BW25113_0264	insB1
BW25113_0265	insA
BW25113_0267	yagA
BW25113_0268	yagE
BW25113_0269	yagF
BW25113_0270	yagG
BW25113_0271	yagH
BW25113_0272	yagI
BW25113_0273	argF
BW25113_0274	insB1
BW25113_0275	insA
BW25113_0277	yagK
BW25113_0278	yagL
BW25113_0279	yagM
BW25113_0280	yagN
BW25113_0281	intF
BW25113_0283	paoD
BW25113_0284	paoC
BW25113_0285	paoB
BW25113_0286	paoA
BW25113_0287	yagU
BW25113_0288	ykgJ
BW25113_0289	ecpE
BW25113_0290	ecpD
BW25113_0291	ecpC
BW25113_0292	ecpB
BW25113_0293	ecpA
BW25113_0294	ecpR
BW25113_0295	ykgL
BW25113_4506	ykgO
BW25113_0296	ykgM
BW25113_4671	ykgR
BW25113_0298	insE1
BW25113_0299	insF1
BW25113_0301	rclC
BW25113_0303	rclB
BW25113_0304	rclA
BW25113_0305	rclR
BW25113_0306	ykgE
BW25113_0307	ykgF
BW25113_0308	ykgG
BW25113_0310	ykgH
BW25113_0311	betA
BW25113_0312	betB
BW25113_0313	betI
BW25113_0314	betT
BW25113_0315	yahA
BW25113_0316	yahB
BW25113_0317	yahC
BW25113_0318	yahD
BW25113_0319	yahE
BW25113_0320	yahF
BW25113_0321	yahG
BW25113_0323	yahI
BW25113_0324	yahJ
BW25113_0325	yahK
BW25113_0326	yahL
BW25113_0327	yahM
BW25113_0328	yahN
BW25113_0329	yahO
BW25113_0330	prpR
BW25113_0331	prpB
BW25113_0333	prpC
BW25113_0334	prpD
BW25113_0335	prpE
BW25113_0336	codB
BW25113_0337	codA
BW25113_0338	cynR
BW25113_0339	cynT
BW25113_0340	cynS
BW25113_0341	cynX
BW25113_0342	lacA
BW25113_0343	lacY
BW25113_0345	lacI
BW25113_0346	mhpR
BW25113_0347	mhpA
BW25113_0348	mhpB
BW25113_0350	mhpD
BW25113_0351	mhpF
BW25113_0352	mhpE
BW25113_0353	mhpT
BW25113_0354	yaiL
BW25113_0355	frmB
BW25113_0356	frmA
BW25113_0357	frmR
BW25113_0358	yaiO
BW25113_0360	insC1
BW25113_0361	insD1
BW25113_0363	yaiP
BW25113_0364	yaiS
BW25113_0365	tauA
BW25113_0366	tauB
BW25113_0367	tauC
BW25113_0368	tauD
BW25113_0369	hemB
BW25113_0372	insF1
BW25113_0373	insE1
BW25113_0375	yaiV
BW25113_0376	ampH
BW25113_0377	sbmA
BW25113_0378	yaiW
BW25113_0379	yaiY
BW25113_0380	yaiZ
BW25113_0381	ddlA
BW25113_0382	iraP
BW25113_0383	phoA
BW25113_0384	psiF
BW25113_0385	yaiC
BW25113_0386	proC
BW25113_0387	yaiI
BW25113_0388	aroL
BW25113_0389	yaiA
BW25113_0390	aroM
BW25113_0391	yaiE
BW25113_0393	rdgC
BW25113_0394	mak
BW25113_0396	araJ
BW25113_0397	sbcC
BW25113_0398	sbcD
BW25113_0399	phoB
BW25113_0400	phoR
BW25113_0401	brnQ
BW25113_0402	proY
BW25113_0403	malZ
BW25113_0404	acpH
BW25113_0405	queA
BW25113_0406	tgt
BW25113_0407	yajC
BW25113_0408	secD
BW25113_0409	secF
BW25113_0410	yajD
BW25113_0411	tsx
BW25113_0412	yajI
BW25113_0413	nrdR
BW25113_0414	ribD
BW25113_0415	ribE
BW25113_0416	nusB
BW25113_0417	thiL
BW25113_0418	pgpA
BW25113_0419	yajO
BW25113_0420	dxs
BW25113_0421	ispA
BW25113_0422	xseB
BW25113_0423	thiI
BW25113_0424	yajL
BW25113_0425	panE
BW25113_0426	yajQ
BW25113_0427	yajR
BW25113_0428	cyoE
BW25113_0429	cyoD
BW25113_0430	cyoC
BW25113_0431	cyoB
BW25113_0432	cyoA
BW25113_0433	ampG
BW25113_0434	yajG
BW25113_0435	bolA
BW25113_0436	tig
BW25113_0437	clpP
BW25113_0438	clpX
BW25113_0439	lon
BW25113_0440	hupB
BW25113_0441	ppiD
BW25113_0442	ybaV
BW25113_0443	fadM
BW25113_0444	queC
BW25113_0445	ybaE
BW25113_0446	cof
BW25113_0447	ybaO
BW25113_0448	mdlA
BW25113_0449	mdlB
BW25113_0450	glnK
BW25113_0451	amtB
BW25113_0452	tesB
BW25113_0453	ybaY
BW25113_0454	ybaZ
BW25113_0456	ybaA
BW25113_0457	ylaB
BW25113_0458	ylaC
BW25113_0459	maa
BW25113_0460	hha
BW25113_0461	tomB
BW25113_0462	acrB
BW25113_0463	acrA
BW25113_0464	acrR
BW25113_0465	mscK
BW25113_0466	ybaM
BW25113_0467	priC
BW25113_0468	ybaN
BW25113_0469	apt
BW25113_0470	dnaX
BW25113_0471	ybaB
BW25113_0472	recR
BW25113_0473	htpG
BW25113_0474	adk
BW25113_0475	hemH
BW25113_0476	aes
BW25113_0477	gsk
BW25113_0478	ybaL
BW25113_0479	fsr
BW25113_0480	ushA
BW25113_0481	ybaK
BW25113_0482	ybaP
BW25113_0483	ybaQ
BW25113_0484	copA
BW25113_0485	glsA
BW25113_0486	ybaT
BW25113_0487	cueR
BW25113_0488	ybbJ
BW25113_0489	qmcA
BW25113_0490	fetA
BW25113_0491	fetB
BW25113_0492	ybbN
BW25113_0493	ybbO
BW25113_0494	tesA
BW25113_0495	ybbA
BW25113_0496	ybbP
BW25113_0497	rhsD
BW25113_0498	ybbC
BW25113_0503	mnmH
BW25113_0504	allS
BW25113_0505	allA
BW25113_0506	allR
BW25113_0507	gcl
BW25113_0508	hyi
BW25113_0509	glxR
BW25113_0511	ybbW
BW25113_0512	allB
BW25113_0513	ybbY
BW25113_0514	glxK
BW25113_0515	allE
BW25113_0516	allC
BW25113_0517	allD
BW25113_0518	fdrA
BW25113_4572	ylbE
BW25113_0520	ylbF
BW25113_0521	ybcF
BW25113_0522	purK
BW25113_0523	purE
BW25113_0524	lpxH
BW25113_0525	ppiB
BW25113_0526	cysS
BW25113_0527	ybcI
BW25113_0528	ybcJ
BW25113_0529	folD
BW25113_0530	sfmA
BW25113_0531	sfmC
BW25113_0532	sfmD
BW25113_0533	sfmH
BW25113_0534	sfmF
BW25113_0535	sfmZ
BW25113_0537	intD
BW25113_0540	insE1
BW25113_0541	insF1
BW25113_0543	emrE
BW25113_0544	ybcK
BW25113_0545	ybcL
BW25113_0546	ybcM
BW25113_4588	ylcH
BW25113_0547	ybcN
BW25113_0548	ninE
BW25113_0549	ybcO
BW25113_0550	rusA
BW25113_4509	ylcG
BW25113_0551	quuD
BW25113_0552	insH1
BW25113_0554	essD
BW25113_0555	rrrD
BW25113_0556	rzpD
BW25113_4510	rzoD
BW25113_0557	borD
BW25113_0558	ybcV
BW25113_0559	ybcW
BW25113_4589	ylcI
BW25113_0560	nohD
BW25113_0564	appY
BW25113_0565	ompT
BW25113_0566	envY
BW25113_0567	ybcH
BW25113_0568	nfrA
BW25113_0569	nfrB
BW25113_0570	cusS
BW25113_0571	cusR
BW25113_0572	cusC
BW25113_0573	cusF
BW25113_0574	cusB
BW25113_0575	cusA
BW25113_0576	pheP
BW25113_0577	ybdG
BW25113_0578	nfsB
BW25113_0579	ybdF
BW25113_0580	ybdJ
BW25113_0581	ybdK
BW25113_4415	hokE
BW25113_0582	insL1
BW25113_0583	entD
BW25113_0584	fepA
BW25113_0585	fes
BW25113_4511	ybdZ
BW25113_0586	entF
BW25113_0587	fepE
BW25113_0588	fepC
BW25113_0589	fepG
BW25113_0590	fepD
BW25113_0591	entS
BW25113_0592	fepB
BW25113_0593	entC
BW25113_0594	entE
BW25113_0595	entB
BW25113_0596	entA
BW25113_0597	entH
BW25113_0598	cstA
BW25113_4512	ybdD
BW25113_0599	ybdH
BW25113_0600	ybdL
BW25113_0601	ybdM
BW25113_0602	ybdN
BW25113_0603	ybdO
BW25113_0604	dsbG
BW25113_0605	ahpC
BW25113_0606	ahpF
BW25113_0607	uspG
BW25113_0608	ybdR
BW25113_0610	rnk
BW25113_0611	rna
BW25113_0612	citT
BW25113_0613	citG
BW25113_0614	citX
BW25113_0615	citF
BW25113_0616	citE
BW25113_0617	citD
BW25113_0618	citC
BW25113_0619	citA
BW25113_0620	citB
BW25113_0621	dcuC
BW25113_0622	pagP
BW25113_0623	cspE
BW25113_0624	flc
BW25113_0627	tatE
BW25113_0628	lipA
BW25113_0629	ybeF
BW25113_0630	lipB
BW25113_0631	ybeD
BW25113_0632	dacA
BW25113_0633	rlpA
BW25113_0634	mrdB
BW25113_0635	mrdA
BW25113_0636	rlmH
BW25113_0637	rsfS
BW25113_0638	cobC
BW25113_0639	nadD
BW25113_0640	holA
BW25113_0641	lptE
BW25113_0642	leuS
BW25113_0643	ybeL
BW25113_0644	ybeQ
BW25113_0645	ybeR
BW25113_0646	djlB
BW25113_0647	ybeT
BW25113_0648	ybeU
BW25113_0649	djlC
BW25113_0650	hscC
BW25113_0651	rihA
BW25113_0652	gltL
BW25113_0653	gltK
BW25113_0654	gltJ
BW25113_0655	gltI
BW25113_0656	insH1
BW25113_0657	lnt
BW25113_0658	ybeX
BW25113_0659	ybeY
BW25113_0660	ybeZ
BW25113_0661	miaB
BW25113_0662	ubiF
BW25113_0674	asnB
BW25113_0675	umpH
BW25113_0676	nagC
BW25113_0677	nagA
BW25113_0678	nagB
BW25113_0679	nagE
BW25113_0680	glnS
BW25113_0681	chiP
BW25113_0682	chiQ
BW25113_0683	fur
BW25113_4637	uof
BW25113_0684	fldA
BW25113_0685	ybfE
BW25113_0686	ybfF
BW25113_0687	seqA
BW25113_0688	pgm
BW25113_0689	ybfP
BW25113_0692	potE
BW25113_0693	speF
BW25113_4590	ybfK
BW25113_0694	kdpE
BW25113_0695	kdpD
BW25113_0696	kdpC
BW25113_0697	kdpB
BW25113_0698	kdpA
BW25113_4513	kdpF
BW25113_0699	ybfA
BW25113_0700	rhsC
BW25113_0702	ybfB
BW25113_0704	ybfC
BW25113_0706	ybfD
BW25113_0707	ybgA
BW25113_0708	phr
BW25113_0709	dtpD
BW25113_0710	ybgI
BW25113_0711	ybgJ
BW25113_0712	ybgK
BW25113_0713	ybgL
BW25113_0714	nei
BW25113_0715	abrB
BW25113_0716	ybgO
BW25113_0717	ybgP
BW25113_0718	ybgQ
BW25113_0719	ybgD
BW25113_0720	gltA
BW25113_0721	sdhC
BW25113_0722	sdhD
BW25113_0723	sdhA
BW25113_0724	sdhB
BW25113_0726	sucA
BW25113_0727	sucB
BW25113_0728	sucC
BW25113_0729	sucD
BW25113_0730	mngR
BW25113_0731	mngA
BW25113_0732	mngB
BW25113_0733	cydA
BW25113_0734	cydB
BW25113_4515	cydX
BW25113_0735	ybgE
BW25113_0736	ybgC
BW25113_0737	tolQ
BW25113_0738	tolR
BW25113_0739	tolA
BW25113_0740	tolB
BW25113_0741	pal
BW25113_0742	ybgF
BW25113_0750	nadA
BW25113_0751	pnuC
BW25113_0752	zitB
BW25113_0753	ybgS
BW25113_0754	aroG
BW25113_0755	gpmA
BW25113_0756	galM
BW25113_0757	galK
BW25113_0758	galT
BW25113_0759	galE
BW25113_0760	modF
BW25113_0761	modE
BW25113_0762	acrZ
BW25113_0763	modA
BW25113_0764	modB
BW25113_0765	modC
BW25113_0766	ybhA
BW25113_0767	pgl
BW25113_0768	ybhD
BW25113_0769	ybhH
BW25113_0770	ybhI
BW25113_0771	ybhJ
BW25113_0772	ybhC
BW25113_0773	ybhB
BW25113_0774	bioA
BW25113_0775	bioB
BW25113_0776	bioF
BW25113_0777	bioC
BW25113_0778	bioD
BW25113_0779	uvrB
BW25113_0780	ybhK
BW25113_0781	moaA
BW25113_0782	moaB
BW25113_0783	moaC
BW25113_0784	moaD
BW25113_0785	moaE
BW25113_0786	ybhL
BW25113_0787	ybhM
BW25113_0788	ybhN
BW25113_0789	clsB
BW25113_0790	ybhP
BW25113_0791	ybhQ
BW25113_0792	ybhR
BW25113_0793	ybhS
BW25113_0794	ybhF
BW25113_0795	ybhG
BW25113_0796	ybiH
BW25113_0797	rhlE
BW25113_0798	ybiA
BW25113_0799	dinG
BW25113_0800	ybiB
BW25113_0801	ybiC
BW25113_0802	ybiJ
BW25113_0803	ybiI
BW25113_0804	ybiX
BW25113_0805	fiu
BW25113_0806	mcbA
BW25113_0807	rlmF
BW25113_0808	ybiO
BW25113_0809	glnQ
BW25113_0810	glnP
BW25113_0811	glnH
BW25113_0812	dps
BW25113_0813	rhtA
BW25113_0814	ompX
BW25113_0815	ybiP
BW25113_4705	mntS
BW25113_0817	mntR
BW25113_0818	ybiR
BW25113_0819	ldtB
BW25113_0820	ybiT
BW25113_0821	ybiU
BW25113_0822	ybiV
BW25113_0823	ybiW
BW25113_0824	ybiY
BW25113_0825	fsaA
BW25113_0826	moeB
BW25113_0827	moeA
BW25113_0828	iaaA
BW25113_0829	gsiA
BW25113_0830	gsiB
BW25113_0831	gsiC
BW25113_0832	gsiD
BW25113_0833	yliE
BW25113_0834	yliF
BW25113_0835	rimO
BW25113_0836	bssR
BW25113_0837	yliI
BW25113_0838	gstB
BW25113_0839	dacC
BW25113_0840	deoR
BW25113_0841	ybjG
BW25113_0842	mdfA
BW25113_0843	ybjH
BW25113_0844	ybjI
BW25113_0845	ybjJ
BW25113_0846	rcdA
BW25113_0847	ybjL
BW25113_0848	ybjM
BW25113_0849	grxA
BW25113_0850	ybjC
BW25113_0851	nfsA
BW25113_0852	rimK
BW25113_0853	ybjN
BW25113_0854	potF
BW25113_0855	potG
BW25113_0856	potH
BW25113_0857	potI
BW25113_0858	ybjO
BW25113_0859	rlmC
BW25113_0860	artJ
BW25113_0861	artM
BW25113_0862	artQ
BW25113_0863	artI
BW25113_0864	artP
BW25113_0865	ybjP
BW25113_0866	ybjQ
BW25113_0867	amiD
BW25113_0868	ybjS
BW25113_0869	ybjT
BW25113_0870	ltaE
BW25113_0871	poxB
BW25113_0872	hcr
BW25113_0873	hcp
BW25113_0874	ybjE
BW25113_0875	aqpZ
BW25113_0876	ybjD
BW25113_0877	ybjX
BW25113_0878	macA
BW25113_0879	macB
BW25113_0880	cspD
BW25113_0881	clpS
BW25113_0882	clpA
BW25113_0884	infA
BW25113_0885	aat
BW25113_0886	cydC
BW25113_0887	cydD
BW25113_0888	trxB
BW25113_0889	lrp
BW25113_0890	ftsK
BW25113_0891	lolA
BW25113_0892	rarA
BW25113_0893	serS
BW25113_0894	dmsA
BW25113_0895	dmsB
BW25113_0896	dmsC
BW25113_0897	ycaC
BW25113_0898	ycaD
BW25113_0899	ycaM
BW25113_0900	ycaN
BW25113_0901	ycaK
BW25113_0902	pflA
BW25113_0903	pflB
BW25113_0904	focA
BW25113_0905	ycaO
BW25113_0906	ycaP
BW25113_0907	serC
BW25113_0908	aroA
BW25113_0909	ycaL
BW25113_0910	cmk
BW25113_0911	rpsA
BW25113_0912	ihfB
BW25113_0913	ycaI
BW25113_0914	msbA
BW25113_0915	lpxK
BW25113_0916	ycaQ
BW25113_0917	ycaR
BW25113_0918	kdsB
BW25113_0919	ycbJ
BW25113_0920	ycbC
BW25113_0921	smtA
BW25113_0922	mukF
BW25113_0923	mukE
BW25113_0924	mukB
BW25113_0925	ldtD
BW25113_0926	ycbK
BW25113_0927	ycbL
BW25113_0928	aspC
BW25113_0929	ompF
BW25113_0930	asnS
BW25113_0931	pncB
BW25113_0932	pepN
BW25113_0933	ssuB
BW25113_0934	ssuC
BW25113_0935	ssuD
BW25113_0936	ssuA
BW25113_0937	ssuE
BW25113_0938	elfA
BW25113_0939	elfD
BW25113_0940	elfC
BW25113_0941	elfG
BW25113_0942	ycbU
BW25113_0943	ycbV
BW25113_0944	ycbF
BW25113_0945	pyrD
BW25113_0946	zapC
BW25113_0947	ycbX
BW25113_0948	rlmL
BW25113_0949	uup
BW25113_0950	pqiA
BW25113_0951	pqiB
BW25113_0952	pqiC
BW25113_0953	rmf
BW25113_0954	fabA
BW25113_0955	ycbZ
BW25113_0956	matP
BW25113_0957	ompA
BW25113_0958	sulA
BW25113_0959	sxy
BW25113_0960	yccS
BW25113_0961	yccF
BW25113_0962	helD
BW25113_0963	mgsA
BW25113_0964	yccT
BW25113_0965	yccU
BW25113_0966	hspQ
BW25113_0967	rlmI
BW25113_0968	yccX
BW25113_0969	tusE
BW25113_0970	yccA
BW25113_0972	hyaA
BW25113_0973	hyaB
BW25113_0974	hyaC
BW25113_0975	hyaD
BW25113_0976	hyaE
BW25113_0977	hyaF
BW25113_0978	cbdA
BW25113_0979	cbdB
BW25113_4592	cbdX
BW25113_0980	appA
BW25113_0981	etk
BW25113_0982	etp
BW25113_0983	gfcE
BW25113_0984	gfcD
BW25113_0985	gfcC
BW25113_0986	gfcB
BW25113_0987	gfcA
BW25113_4516	insA
BW25113_0988	insB1
BW25113_0989	cspH
BW25113_0990	cspG
BW25113_0991	ymcE
BW25113_4517	gnsA
BW25113_0992	yccM
BW25113_0993	torS
BW25113_0994	torT
BW25113_0995	torR
BW25113_0996	torC
BW25113_0997	torA
BW25113_0998	torD
BW25113_0999	cbpM
BW25113_1000	cbpA
BW25113_1001	yccE
BW25113_1002	agp
BW25113_1003	yccJ
BW25113_1004	wrbA
BW25113_4518	ymdF
BW25113_1006	rutG
BW25113_1007	rutF
BW25113_1008	rutE
BW25113_1009	rutD
BW25113_1010	rutC
BW25113_1011	rutB
BW25113_1012	rutA
BW25113_1013	rutR
BW25113_1014	putA
BW25113_1015	putP
BW25113_1018	efeO
BW25113_1019	efeB
BW25113_1020	phoH
BW25113_1021	pgaD
BW25113_1022	pgaC
BW25113_1023	pgaB
BW25113_1024	pgaA
BW25113_1025	ycdT
BW25113_1026	insF1
BW25113_1027	insE1
BW25113_1029	ycdU
BW25113_1033	ghrA
BW25113_1034	ycdX
BW25113_1035	ycdY
BW25113_1036	ycdZ
BW25113_1037	csgG
BW25113_1038	csgF
BW25113_1039	csgE
BW25113_1040	csgD
BW25113_1041	csgB
BW25113_1042	csgA
BW25113_1043	csgC
BW25113_1044	ymdA
BW25113_1045	ymdB
BW25113_1046	clsC
BW25113_1047	opgC
BW25113_1048	opgG
BW25113_1049	opgH
BW25113_1050	yceK
BW25113_1051	msyB
BW25113_1053	mdtG
BW25113_1054	lpxL
BW25113_1055	yceA
BW25113_1056	yceI
BW25113_1057	yceJ
BW25113_1058	yceO
BW25113_1059	solA
BW25113_1060	bssS
BW25113_1061	dinI
BW25113_1062	pyrC
BW25113_1063	yceB
BW25113_1064	grxB
BW25113_1065	mdtH
BW25113_1066	rimJ
BW25113_1067	yceH
BW25113_1068	yceM
BW25113_1069	murJ
BW25113_1070	flgN
BW25113_1071	flgM
BW25113_1072	flgA
BW25113_1073	flgB
BW25113_1074	flgC
BW25113_1075	flgD
BW25113_1076	flgE
BW25113_1077	flgF
BW25113_1078	flgG
BW25113_1079	flgH
BW25113_1080	flgI
BW25113_1081	flgJ
BW25113_1082	flgK
BW25113_1083	flgL
BW25113_1084	rne
BW25113_1085	yceQ
BW25113_1086	rluC
BW25113_1087	yceF
BW25113_1088	yceD
BW25113_1089	rpmF
BW25113_1090	plsX
BW25113_1091	fabH
BW25113_1092	fabD
BW25113_1093	fabG
BW25113_1094	acpP
BW25113_1095	fabF
BW25113_1096	pabC
BW25113_1097	yceG
BW25113_1098	tmk
BW25113_1099	holB
BW25113_1100	ycfH
BW25113_1101	ptsG
BW25113_1102	fhuE
BW25113_1103	hinT
BW25113_1104	ycfL
BW25113_1105	lpoB
BW25113_1106	thiK
BW25113_1107	nagZ
BW25113_1108	ycfP
BW25113_1109	ndh
BW25113_1110	ycfJ
BW25113_1111	ycfQ
BW25113_1112	bhsA
BW25113_1113	ldtC
BW25113_1114	mfd
BW25113_1115	ycfT
BW25113_1116	lolC
BW25113_1117	lolD
BW25113_1118	lolE
BW25113_1119	nagK
BW25113_1120	cobB
BW25113_1121	ycfZ
BW25113_1122	ymfA
BW25113_1123	potD
BW25113_1124	potC
BW25113_1125	potB
BW25113_1126	potA
BW25113_1127	pepT
BW25113_1128	roxA
BW25113_1129	phoQ
BW25113_1130	phoP
BW25113_1131	purB
BW25113_1132	hflD
BW25113_1133	mnmA
BW25113_1134	nudJ
BW25113_1135	rluE
BW25113_1136	icd
BW25113_1137	ymfD
BW25113_1138	ymfE
BW25113_1139	lit
BW25113_1140	intE
BW25113_1141	xisE
BW25113_1143	ymfI
BW25113_1144	ymfJ
BW25113_1145	cohE
BW25113_1146	croE
BW25113_1147	ymfL
BW25113_1148	ymfM
BW25113_1150	ymfR
BW25113_1153	ymfQ
BW25113_1154	stfP
BW25113_1155	tfaP
BW25113_1156	tfaE
BW25113_1158	pinE
BW25113_1159	mcrA
BW25113_1160	iraM
BW25113_1161	ycgX
BW25113_1162	bluR
BW25113_1163	bluF
BW25113_1164	ycgZ
BW25113_1165	ymgA
BW25113_1166	ariR
BW25113_1167	ymgC
BW25113_1168	ycgG
BW25113_4520	ymgF
BW25113_1171	ymgD
BW25113_1172	ymgG
BW25113_4593	ymgI
BW25113_4594	ymgJ
BW25113_1174	minE
BW25113_1175	minD
BW25113_1176	minC
BW25113_1177	ycgJ
BW25113_1178	pliG
BW25113_1179	ycgL
BW25113_1180	ycgM
BW25113_1181	ycgN
BW25113_1182	hlyE
BW25113_1183	umuD
BW25113_1184	umuC
BW25113_1185	dsbB
BW25113_1186	nhaB
BW25113_1187	fadR
BW25113_1188	ycgB
BW25113_1189	dadA
BW25113_1190	dadX
BW25113_1191	cvrA
BW25113_1192	ldcA
BW25113_1193	emtA
BW25113_1194	ycgR
BW25113_1195	ymgE
BW25113_1196	ycgY
BW25113_1197	treA
BW25113_1198	dhaM
BW25113_1199	dhaL
BW25113_1200	dhaK
BW25113_1201	dhaR
BW25113_1202	ycgV
BW25113_1203	ychF
BW25113_1204	pth
BW25113_1205	ychH
BW25113_1206	dauA
BW25113_1207	prs
BW25113_1208	ispE
BW25113_1209	lolB
BW25113_1210	hemA
BW25113_1211	prfA
BW25113_1212	prmC
BW25113_1213	ychQ
BW25113_1214	ychA
BW25113_1215	kdsA
BW25113_4419	ldrA
BW25113_4421	ldrB
BW25113_4423	ldrC
BW25113_1216	chaA
BW25113_1217	chaB
BW25113_1218	chaC
BW25113_1219	ychN
BW25113_1220	ychO
BW25113_1221	narL
BW25113_1222	narX
BW25113_1223	narK
BW25113_1224	narG
BW25113_1225	narH
BW25113_1226	narJ
BW25113_1227	narI
BW25113_1229	tpr
BW25113_1232	purU
BW25113_1233	ychJ
BW25113_1234	rssA
BW25113_1235	rssB
BW25113_1236	galU
BW25113_1237	hns
BW25113_1238	tdk
BW25113_1241	adhE
BW25113_1242	ychE
BW25113_1243	oppA
BW25113_1244	oppB
BW25113_1245	oppC
BW25113_1246	oppD
BW25113_1247	oppF
BW25113_1248	yciU
BW25113_1249	clsA
BW25113_4595	yciY
BW25113_1250	kch
BW25113_1251	yciI
BW25113_1252	tonB
BW25113_1253	yciA
BW25113_1254	yciB
BW25113_1255	yciC
BW25113_1256	ompW
BW25113_1257	yciE
BW25113_1258	yciF
BW25113_1259	yciG
BW25113_1260	trpA
BW25113_1261	trpB
BW25113_1262	trpC
BW25113_1263	trpD
BW25113_1264	trpE
BW25113_1265	trpL
BW25113_1266	yciV
BW25113_1267	yciO
BW25113_1268	yciQ
BW25113_1269	rluB
BW25113_1270	btuR
BW25113_1271	yciK
BW25113_1272	sohB
BW25113_1273	yciN
BW25113_1274	topA
BW25113_1275	cysB
BW25113_4522	ymiA
BW25113_4523	yciX
BW25113_1276	acnA
BW25113_1277	ribA
BW25113_1278	pgpB
BW25113_1279	yciS
BW25113_1280	yciM
BW25113_1281	pyrF
BW25113_1282	yciH
BW25113_1283	osmB
BW25113_1284	yciT
BW25113_4596	yciZ
BW25113_1285	gmr
BW25113_4672	ymiB
BW25113_1286	rnb
BW25113_1287	yciW
BW25113_1288	fabI
BW25113_1289	ycjD
BW25113_1290	sapF
BW25113_1291	sapD
BW25113_1292	sapC
BW25113_1293	sapB
BW25113_1294	sapA
BW25113_1295	ymjA
BW25113_1296	puuP
BW25113_1297	puuA
BW25113_1298	puuD
BW25113_1299	puuR
BW25113_1300	puuC
BW25113_1301	puuB
BW25113_1302	puuE
BW25113_1303	pspF
BW25113_1304	pspA
BW25113_1305	pspB
BW25113_1306	pspC
BW25113_1307	pspD
BW25113_1308	pspE
BW25113_1309	ycjM
BW25113_1310	ycjN
BW25113_1311	ycjO
BW25113_1312	ycjP
BW25113_1313	ycjQ
BW25113_1314	ycjR
BW25113_1315	ycjS
BW25113_1316	ycjT
BW25113_1317	ycjU
BW25113_1319	ompG
BW25113_1320	ycjW
BW25113_1321	ycjX
BW25113_1322	ycjF
BW25113_1323	tyrR
BW25113_1324	tpx
BW25113_1325	ycjG
BW25113_1326	mpaA
BW25113_1327	ycjY
BW25113_1328	pgrR
BW25113_1329	mppA
BW25113_1330	ynaI
BW25113_1331	insH1
BW25113_1332	ynaJ
BW25113_1333	uspE
BW25113_1334	fnr
BW25113_1335	ogt
BW25113_1336	abgT
BW25113_1337	abgB
BW25113_1338	abgA
BW25113_1339	abgR
BW25113_1340	smrA
BW25113_1341	ydaM
BW25113_1342	ydaN
BW25113_1343	dbpA
BW25113_1344	ttcA
BW25113_1345	intR
BW25113_1346	ydaQ
BW25113_1347	rcbA
BW25113_1348	ralR
BW25113_1349	recT
BW25113_1350	recE
BW25113_1351	racC
BW25113_4526	ydaE
BW25113_1352	kilR
BW25113_1353	sieB
BW25113_4527	ydaF
BW25113_1355	ydaG
BW25113_1356	racR
BW25113_1357	ydaS
BW25113_1358	ydaT
BW25113_1359	ydaU
BW25113_1360	ydaV
BW25113_4528	rzoR
BW25113_1363	trkG
BW25113_1365	ynaK
BW25113_1372	stfR
BW25113_1373	tfaR
BW25113_1374	pinR
BW25113_1375	ynaE
BW25113_1376	uspF
BW25113_1377	ompN
BW25113_1378	pfo
BW25113_4529	ydbJ
BW25113_1379	hslJ
BW25113_1380	ldhA
BW25113_1381	ydbH
BW25113_1382	ynbE
BW25113_1383	ydbL
BW25113_1384	feaR
BW25113_1385	feaB
BW25113_1386	tynA
BW25113_1387	paaZ
BW25113_1388	paaA
BW25113_1389	paaB
BW25113_1390	paaC
BW25113_1391	paaD
BW25113_1392	paaE
BW25113_1393	paaF
BW25113_1394	paaG
BW25113_1395	paaH
BW25113_1396	paaI
BW25113_1397	paaJ
BW25113_1398	paaK
BW25113_1399	paaX
BW25113_1400	paaY
BW25113_4674	ynbG
BW25113_1402	insD1
BW25113_1403	insC1
BW25113_1404	insI1
BW25113_1406	ydbC
BW25113_1407	ydbD
BW25113_1408	ynbA
BW25113_1409	ynbB
BW25113_1410	ynbC
BW25113_1411	ynbD
BW25113_1412	azoR
BW25113_1413	hrpA
BW25113_1414	ydcF
BW25113_1415	aldA
BW25113_1418	cybB
BW25113_1419	ydcA
BW25113_4428	hokB
BW25113_1420	mokB
BW25113_1421	trg
BW25113_1422	ydcI
BW25113_1423	ydcJ
BW25113_1424	opgD
BW25113_1426	ydcH
BW25113_1427	rimL
BW25113_1428	ydcK
BW25113_1429	tehA
BW25113_1430	tehB
BW25113_1431	ydcL
BW25113_1432	insQ
BW25113_1433	ydcO
BW25113_1434	ydcN
BW25113_1435	ydcP
BW25113_1436	yncJ
BW25113_4532	hicA
BW25113_1438	hicB
BW25113_1439	ydcR
BW25113_1440	ydcS
BW25113_1441	ydcT
BW25113_1442	ydcU
BW25113_1443	ydcV
BW25113_1444	patD
BW25113_4598	yncL
BW25113_1445	ydcX
BW25113_1446	ydcY
BW25113_1447	ydcZ
BW25113_1448	mnaT
BW25113_1449	curA
BW25113_1450	mcbR
BW25113_1451	yncD
BW25113_1452	yncE
BW25113_1453	ansP
BW25113_1454	yncG
BW25113_1455	yncH
BW25113_1457	ydcD
BW25113_1460	ydcC
BW25113_1461	pptA
BW25113_1462	yddH
BW25113_1463	nhoA
BW25113_1464	yddE
BW25113_1465	narV
BW25113_1466	narW
BW25113_1467	narY
BW25113_1468	narZ
BW25113_1469	narU
BW25113_1473	yddG
BW25113_1474	fdnG
BW25113_1475	fdnH
BW25113_1476	fdnI
BW25113_1477	yddM
BW25113_1478	adhP
BW25113_1479	maeA
BW25113_1480	sra
BW25113_1481	bdm
BW25113_1482	osmC
BW25113_1483	ddpF
BW25113_1484	ddpD
BW25113_1485	ddpC
BW25113_1486	ddpB
BW25113_1487	ddpA
BW25113_1488	ddpX
BW25113_1489	dosP
BW25113_1490	dosC
BW25113_1491	yddW
BW25113_1492	gadC
BW25113_1493	gadB
BW25113_1494	pqqL
BW25113_1495	yddB
BW25113_1496	yddA
BW25113_1497	ydeM
BW25113_1498	ydeN
BW25113_1499	ydeO
BW25113_1500	safA
BW25113_1501	ydeP
BW25113_1502	ydeQ
BW25113_1503	ydeR
BW25113_1504	ydeS
BW25113_1507	hipA
BW25113_1508	hipB
BW25113_1511	lsrK
BW25113_1512	lsrR
BW25113_1513	lsrA
BW25113_1514	lsrC
BW25113_1515	lsrD
BW25113_1516	lsrB
BW25113_1517	lsrF
BW25113_1518	lsrG
BW25113_1519	tam
BW25113_1520	yneE
BW25113_1521	uxaB
BW25113_1522	yneF
BW25113_1523	yneG
BW25113_1524	glsB
BW25113_1525	sad
BW25113_1526	yneJ
BW25113_1527	yneK
BW25113_1528	ydeA
BW25113_1529	marC
BW25113_1530	marR
BW25113_1531	marA
BW25113_1532	marB
BW25113_1533	eamA
BW25113_1534	ydeE
BW25113_4599	yneM
BW25113_1535	dgcZ
BW25113_1536	ydeI
BW25113_1537	ydeJ
BW25113_1538	dcp
BW25113_1539	ydfG
BW25113_1540	rspR
BW25113_1541	ydfZ
BW25113_1542	ydfI
BW25113_1544	ydfK
BW25113_1545	pinQ
BW25113_1546	tfaQ
BW25113_1547	stfQ
BW25113_4533	ynfO
BW25113_1549	ydfO
BW25113_1550	gnsB
BW25113_1551	ynfN
BW25113_1552	cspI
BW25113_1553	rzpQ
BW25113_4689	rzoQ
BW25113_1554	rrrQ
BW25113_1555	ydfR
BW25113_1556	essQ
BW25113_1557	cspB
BW25113_1558	cspF
BW25113_1559	quuQ
BW25113_1560	ydfU
BW25113_1561	rem
BW25113_1562	hokD
BW25113_1563	relE
BW25113_1564	relB
BW25113_1565	ydfV
BW25113_1566	flxA
BW25113_1569	dicC
BW25113_1570	dicA
BW25113_1571	ydfA
BW25113_1572	ydfB
BW25113_1573	ydfC
BW25113_1575	dicB
BW25113_1576	ydfD
BW25113_1580	rspB
BW25113_1581	rspA
BW25113_1582	ynfA
BW25113_1583	ynfB
BW25113_1584	speG
BW25113_1585	ynfC
BW25113_1586	ynfD
BW25113_1587	ynfE
BW25113_1588	ynfF
BW25113_1589	ynfG
BW25113_1590	ynfH
BW25113_1591	dmsD
BW25113_1592	clcB
BW25113_1593	ynfK
BW25113_1594	mlc
BW25113_1595	ynfL
BW25113_1596	ynfM
BW25113_1597	asr
BW25113_4601	ydgU
BW25113_1598	ydgD
BW25113_1599	mdtI
BW25113_1600	mdtJ
BW25113_1601	tqsA
BW25113_1602	pntB
BW25113_1603	pntA
BW25113_1604	ydgH
BW25113_1605	ydgI
BW25113_1606	folM
BW25113_1607	ydgC
BW25113_1608	rstA
BW25113_1609	rstB
BW25113_1610	tus
BW25113_1611	fumC
BW25113_1612	fumA
BW25113_1613	manA
BW25113_1614	ydgA
BW25113_1615	uidC
BW25113_1616	uidB
BW25113_1617	uidA
BW25113_1618	uidR
BW25113_1619	hdhA
BW25113_1620	malI
BW25113_1621	malX
BW25113_1622	malY
BW25113_1623	add
BW25113_1624	ydgJ
BW25113_4409	blr
BW25113_1625	cnu
BW25113_1626	ydgK
BW25113_1627	rsxA
BW25113_1628	rsxB
BW25113_1629	rsxC
BW25113_1630	rsxD
BW25113_1631	rsxG
BW25113_1632	rsxE
BW25113_1633	nth
BW25113_1634	dtpA
BW25113_1635	gstA
BW25113_1636	pdxY
BW25113_1637	tyrS
BW25113_1638	pdxH
BW25113_1639	mliC
BW25113_1640	anmK
BW25113_1641	slyB
BW25113_1642	slyA
BW25113_1643	ydhI
BW25113_1644	ydhJ
BW25113_1645	ydhK
BW25113_1646	sodC
BW25113_1647	ydhF
BW25113_1648	ydhL
BW25113_1649	nemR
BW25113_1650	nemA
BW25113_1651	gloA
BW25113_1652	rnt
BW25113_1653	lhr
BW25113_1654	grxD
BW25113_1655	mepH
BW25113_1656	sodB
BW25113_1657	ydhP
BW25113_4602	ynhF
BW25113_1658	purR
BW25113_1659	ydhB
BW25113_1660	ydhC
BW25113_1661	cfa
BW25113_1662	ribC
BW25113_1663	mdtK
BW25113_1664	ydhQ
BW25113_1667	ydhR
BW25113_1668	ydhS
BW25113_1669	ydhT
BW25113_1670	ydhU
BW25113_1671	ydhX
BW25113_1672	ydhW
BW25113_1673	ydhV
BW25113_1674	ydhY
BW25113_1675	ydhZ
BW25113_1676	pykF
BW25113_1677	lpp
BW25113_1678	ldtE
BW25113_1679	sufE
BW25113_1680	sufS
BW25113_1681	sufD
BW25113_1682	sufC
BW25113_1683	sufB
BW25113_1684	sufA
BW25113_1685	ydiH
BW25113_1686	menI
BW25113_1687	ydiJ
BW25113_1688	ydiK
BW25113_1689	ydiL
BW25113_1690	ydiM
BW25113_1691	ydiN
BW25113_1692	ydiB
BW25113_1693	aroD
BW25113_1694	ydiF
BW25113_1695	ydiO
BW25113_1696	ydiP
BW25113_1697	ydiQ
BW25113_1698	ydiR
BW25113_1699	ydiS
BW25113_1700	ydiT
BW25113_1701	fadK
BW25113_1702	ppsA
BW25113_1703	ppsR
BW25113_1704	aroH
BW25113_1705	ydiE
BW25113_1706	ydiU
BW25113_1707	ydiV
BW25113_1708	nlpC
BW25113_1709	btuD
BW25113_1710	btuE
BW25113_1711	btuC
BW25113_1712	ihfA
BW25113_1713	pheT
BW25113_1714	pheS
BW25113_1715	pheM
BW25113_1716	rplT
BW25113_1717	rpmI
BW25113_1718	infC
BW25113_1719	thrS
BW25113_4535	yniD
BW25113_1722	ydiY
BW25113_1723	pfkB
BW25113_1724	ydiZ
BW25113_1725	yniA
BW25113_1726	yniB
BW25113_1727	yniC
BW25113_1728	ydjM
BW25113_1729	ydjN
BW25113_1730	ydjO
BW25113_1731	cedA
BW25113_1732	katE
BW25113_1733	chbG
BW25113_1734	chbF
BW25113_1735	chbR
BW25113_1736	chbA
BW25113_1737	chbC
BW25113_1738	chbB
BW25113_1739	osmE
BW25113_1740	nadE
BW25113_1741	cho
BW25113_1742	ves
BW25113_1743	spy
BW25113_1744	astE
BW25113_1745	astB
BW25113_1746	astD
BW25113_1747	astA
BW25113_1748	astC
BW25113_1749	xthA
BW25113_1750	ydjX
BW25113_1751	ydjY
BW25113_1752	ydjZ
BW25113_1753	ynjA
BW25113_1754	ynjB
BW25113_1755	ynjC
BW25113_1756	ynjD
BW25113_1757	ynjE
BW25113_1758	ynjF
BW25113_1759	nudG
BW25113_1760	ynjH
BW25113_1761	gdhA
BW25113_1762	ynjI
BW25113_1763	topB
BW25113_1764	selD
BW25113_1765	ydjA
BW25113_1766	sppA
BW25113_1767	ansA
BW25113_1768	pncA
BW25113_1769	ydjE
BW25113_1770	ydjF
BW25113_1771	ydjG
BW25113_1772	ydjH
BW25113_1773	ydjI
BW25113_1774	ydjJ
BW25113_1775	ydjK
BW25113_1776	ydjL
BW25113_1777	yeaC
BW25113_1778	msrB
BW25113_1779	gapA
BW25113_1780	yeaD
BW25113_1781	yeaE
BW25113_1782	mipA
BW25113_1783	yeaG
BW25113_1784	yeaH
BW25113_1785	yeaI
BW25113_1786	yeaJ
BW25113_1787	yeaK
BW25113_1788	yoaI
BW25113_1789	yeaL
BW25113_1790	yeaM
BW25113_1791	yeaN
BW25113_1792	yeaO
BW25113_1793	yoaF
BW25113_1794	yeaP
BW25113_4676	yoaK
BW25113_4675	yoaJ
BW25113_1795	yeaQ
BW25113_1796	yoaG
BW25113_1797	yeaR
BW25113_1798	leuE
BW25113_1799	dmlR
BW25113_1800	dmlA
BW25113_1801	yeaV
BW25113_1802	yeaW
BW25113_1803	yeaX
BW25113_1804	rnd
BW25113_1805	fadD
BW25113_1806	yeaY
BW25113_1807	tsaB
BW25113_1808	yoaA
BW25113_1809	yoaB
BW25113_1810	yoaC
BW25113_1811	yoaH
BW25113_1812	pabB
BW25113_1813	nudL
BW25113_1814	sdaA
BW25113_1815	yoaD
BW25113_1816	yoaE
BW25113_1817	manX
BW25113_1818	manY
BW25113_1819	manZ
BW25113_1820	yobD
BW25113_1821	mntP
BW25113_1822	rlmA
BW25113_1823	cspC
BW25113_1824	yobF
BW25113_1825	yebO
BW25113_1826	mgrB
BW25113_4536	yobH
BW25113_1827	kdgR
BW25113_1828	yebQ
BW25113_1829	htpX
BW25113_1830	prc
BW25113_1831	proQ
BW25113_1832	msrC
BW25113_1833	yebS
BW25113_1834	yebT
BW25113_1835	rsmF
BW25113_1836	yebV
BW25113_1837	yebW
BW25113_1838	pphA
BW25113_1839	yebY
BW25113_1840	yebZ
BW25113_1841	yobA
BW25113_1842	holE
BW25113_1843	yobB
BW25113_1844	exoX
BW25113_1845	ptrB
BW25113_1846	yebE
BW25113_1847	yebF
BW25113_1848	yebG
BW25113_1849	purT
BW25113_1850	eda
BW25113_1851	edd
BW25113_1852	zwf
BW25113_1853	yebK
BW25113_1854	pykA
BW25113_1855	lpxM
BW25113_1856	mepM
BW25113_1857	znuA
BW25113_1858	znuC
BW25113_1859	znuB
BW25113_1860	ruvB
BW25113_1861	ruvA
BW25113_4677	yobI
BW25113_1862	yebB
BW25113_1863	ruvC
BW25113_1864	yebC
BW25113_1865	nudB
BW25113_1866	aspS
BW25113_1867	yecD
BW25113_1868	yecE
BW25113_1869	yecN
BW25113_1870	cmoA
BW25113_1871	cmoB
BW25113_1872	torZ
BW25113_1873	torY
BW25113_1874	cutC
BW25113_1875	yecM
BW25113_1876	argS
BW25113_1877	yecT
BW25113_1878	flhE
BW25113_1879	flhA
BW25113_1880	flhB
BW25113_1881	cheZ
BW25113_1882	cheY
BW25113_1883	cheB
BW25113_1884	cheR
BW25113_1885	tap
BW25113_1886	tar
BW25113_1887	cheW
BW25113_1888	cheA
BW25113_1889	motB
BW25113_1890	motA
BW25113_1891	flhC
BW25113_1892	flhD
BW25113_1895	uspC
BW25113_1896	otsA
BW25113_1897	otsB
BW25113_4460	araH
BW25113_1900	araG
BW25113_1901	araF
BW25113_1902	ftnB
BW25113_4537	yecJ
BW25113_4663	azuC
BW25113_1904	yecR
BW25113_1905	ftnA
BW25113_1906	yecH
BW25113_1907	tyrP
BW25113_1908	yecA
BW25113_1912	pgsA
BW25113_1913	uvrC
BW25113_1914	uvrY
BW25113_1915	yecF
BW25113_1916	sdiA
BW25113_1917	yecC
BW25113_1918	yecS
BW25113_1919	dcyD
BW25113_1920	fliY
BW25113_1921	fliZ
BW25113_1922	fliA
BW25113_1923	fliC
BW25113_1924	fliD
BW25113_1925	fliS
BW25113_1926	fliT
BW25113_1927	amyA
BW25113_1928	yedD
BW25113_1929	yedE
BW25113_1930	yedF
BW25113_1931	yedK
BW25113_1932	yedL
BW25113_1937	fliE
BW25113_1938	fliF
BW25113_1939	fliG
BW25113_1940	fliH
BW25113_1941	fliI
BW25113_1942	fliJ
BW25113_1943	fliK
BW25113_1944	fliL
BW25113_1945	fliM
BW25113_1946	fliN
BW25113_1947	fliO
BW25113_1948	fliP
BW25113_1949	fliQ
BW25113_1950	fliR
BW25113_1951	rcsA
BW25113_1952	dsrB
BW25113_1953	yodD
BW25113_1955	yedP
BW25113_1956	yedQ
BW25113_1957	yodC
BW25113_1958	yedI
BW25113_1959	yedA
BW25113_1960	vsr
BW25113_1961	dcm
BW25113_1962	yedJ
BW25113_1963	yedR
BW25113_1967	hchA
BW25113_1968	yedV
BW25113_1969	yedW
BW25113_1970	hiuH
BW25113_1971	yedY
BW25113_1972	yedZ
BW25113_1973	zinT
BW25113_1974	yodB
BW25113_1976	mtfA
BW25113_1978	yeeJ
BW25113_1981	shiA
BW25113_1982	amn
BW25113_1983	yeeN
BW25113_1985	yeeO
BW25113_1987	cbl
BW25113_1988	nac
BW25113_1990	ldtA
BW25113_1991	cobT
BW25113_1992	cobS
BW25113_1993	cobU
BW25113_1994	insH1
BW25113_1996	insD1
BW25113_1997	insC1
BW25113_2000	flu
BW25113_2001	yeeR
BW25113_2002	yeeS
BW25113_2003	yeeT
BW25113_2004	cbeA
BW25113_2005	cbtA
BW25113_2007	yeeX
BW25113_2008	yeeA
BW25113_2009	sbmC
BW25113_2010	dacD
BW25113_2011	sbcB
BW25113_2012	yeeD
BW25113_2013	yeeE
BW25113_2014	plaP
BW25113_4678	yoeI
BW25113_2015	yeeY
BW25113_2016	yeeZ
BW25113_4539	yoeB
BW25113_2017	yefM
BW25113_2018	hisL
BW25113_2019	hisG
BW25113_2020	hisD
BW25113_2021	hisC
BW25113_2022	hisB
BW25113_2023	hisH
BW25113_2024	hisA
BW25113_2025	hisF
BW25113_2026	hisI
BW25113_2027	wzzB
BW25113_2028	ugd
BW25113_2029	gnd
BW25113_2030	insH1
BW25113_2032	wbbK
BW25113_2033	wbbJ
BW25113_2034	wbbI
BW25113_2035	wbbH
BW25113_2036	glf
BW25113_2037	wzxB
BW25113_2038	rfbC
BW25113_2039	rfbA
BW25113_2040	rfbD
BW25113_2041	rfbB
BW25113_2042	wcaN
BW25113_2043	wcaM
BW25113_2044	wcaL
BW25113_2045	wcaK
BW25113_2046	wzxC
BW25113_2047	wcaJ
BW25113_2048	cpsG
BW25113_2049	cpsB
BW25113_2050	wcaI
BW25113_2051	wcaH
BW25113_2052	wcaG
BW25113_2053	gmd
BW25113_2054	wcaF
BW25113_2055	wcaE
BW25113_2056	wcaD
BW25113_2057	wcaC
BW25113_2058	wcaB
BW25113_2059	wcaA
BW25113_2060	wzc
BW25113_2061	wzb
BW25113_2062	wza
BW25113_2063	yegH
BW25113_2064	asmA
BW25113_2065	dcd
BW25113_2066	udk
BW25113_2067	yegE
BW25113_2068	alkA
BW25113_2069	yegD
BW25113_2070	yegI
BW25113_2071	yegJ
BW25113_2072	yegK
BW25113_2073	yegL
BW25113_4667	ibsA
BW25113_4668	ibsB
BW25113_2074	mdtA
BW25113_2075	mdtB
BW25113_2076	mdtC
BW25113_2077	mdtD
BW25113_2078	baeS
BW25113_2079	baeR
BW25113_2080	yegP
BW25113_2081	yegQ
BW25113_2082	ogrK
BW25113_2085	yegR
BW25113_2086	yegS
BW25113_2088	insE1
BW25113_2089	insF1
BW25113_2091	gatD
BW25113_2092	gatC
BW25113_2093	gatB
BW25113_2094	gatA
BW25113_2095	gatZ
BW25113_2096	gatY
BW25113_2097	fbaB
BW25113_2098	yegT
BW25113_2099	yegU
BW25113_2100	yegV
BW25113_2101	yegW
BW25113_2102	yegX
BW25113_2103	thiD
BW25113_2104	thiM
BW25113_2105	rcnR
BW25113_2106	rcnA
BW25113_2107	rcnB
BW25113_2108	yehA
BW25113_2109	yehB
BW25113_2110	yehC
BW25113_2111	yehD
BW25113_2112	yehE
BW25113_2113	mrp
BW25113_2114	metG
BW25113_2118	yehI
BW25113_4541	yehK
BW25113_2119	yehL
BW25113_2120	yehM
BW25113_2121	yehP
BW25113_2123	yehR
BW25113_2124	yehS
BW25113_2125	yehT
BW25113_2126	yehU
BW25113_2127	mlrA
BW25113_4542	yohO
BW25113_2128	yehW
BW25113_2129	yehX
BW25113_2130	yehY
BW25113_2131	osmF
BW25113_2132	bglX
BW25113_2133	dld
BW25113_2134	pbpG
BW25113_2135	yohC
BW25113_2136	yohD
BW25113_2137	yohF
BW25113_4679	yohP
BW25113_2140	dusC
BW25113_2141	yohJ
BW25113_2142	yohK
BW25113_2143	cdd
BW25113_2144	sanA
BW25113_2145	yeiS
BW25113_2146	preT
BW25113_2147	preA
BW25113_2148	mglC
BW25113_2149	mglA
BW25113_2150	mglB
BW25113_2151	galS
BW25113_2152	yeiB
BW25113_2153	folE
BW25113_2154	yeiG
BW25113_2155	cirA
BW25113_2156	lysP
BW25113_2157	yeiE
BW25113_2158	yeiH
BW25113_2159	nfo
BW25113_2160	yeiI
BW25113_2161	nupX
BW25113_2162	rihB
BW25113_2163	yeiL
BW25113_2164	psuT
BW25113_2165	psuG
BW25113_2166	psuK
BW25113_2167	fruA
BW25113_2168	fruK
BW25113_2169	fruB
BW25113_2170	setB
BW25113_4502	yeiW
BW25113_2171	yeiP
BW25113_2172	yeiQ
BW25113_2173	yeiR
BW25113_2174	lpxT
BW25113_2175	mepS
BW25113_2176	rtn
BW25113_2177	yejA
BW25113_2178	yejB
BW25113_2179	yejE
BW25113_2180	yejF
BW25113_2181	yejG
BW25113_2182	bcr
BW25113_2183	rsuA
BW25113_2184	yejH
BW25113_2185	rplY
BW25113_2186	yejK
BW25113_2187	yejL
BW25113_2188	yejM
BW25113_2192	insH1
BW25113_2193	narP
BW25113_2194	ccmH
BW25113_2195	dsbE
BW25113_2196	ccmF
BW25113_2197	ccmE
BW25113_2198	ccmD
BW25113_2199	ccmC
BW25113_2200	ccmB
BW25113_2201	ccmA
BW25113_2202	napC
BW25113_2203	napB
BW25113_2204	napH
BW25113_2205	napG
BW25113_2206	napA
BW25113_2207	napD
BW25113_2208	napF
BW25113_2209	eco
BW25113_2210	mqo
BW25113_2211	yojI
BW25113_2212	alkB
BW25113_2213	ada
BW25113_2214	apbE
BW25113_2215	ompC
BW25113_2216	rcsD
BW25113_2217	rcsB
BW25113_2218	rcsC
BW25113_2219	atoS
BW25113_2220	atoC
BW25113_2221	atoD
BW25113_2222	atoA
BW25113_2223	atoE
BW25113_2224	atoB
BW25113_2225	yfaP
BW25113_2226	yfaQ
BW25113_2229	yfaT
BW25113_2230	yfaA
BW25113_2231	gyrA
BW25113_2232	ubiG
BW25113_2233	yfaL
BW25113_2234	nrdA
BW25113_2235	nrdB
BW25113_2236	yfaE
BW25113_2237	inaA
BW25113_2239	glpQ
BW25113_2240	glpT
BW25113_2241	glpA
BW25113_2242	glpB
BW25113_2243	glpC
BW25113_2244	yfaD
BW25113_4543	ypaA
BW25113_2245	rhmA
BW25113_2246	rhmT
BW25113_2247	rhmD
BW25113_2248	rhmR
BW25113_2249	yfaY
BW25113_2250	yfaZ
BW25113_2251	nudI
BW25113_2252	ais
BW25113_2253	arnB
BW25113_2254	arnC
BW25113_2255	arnA
BW25113_2256	arnD
BW25113_2257	arnT
BW25113_4544	arnE
BW25113_2258	arnF
BW25113_2259	pmrD
BW25113_2260	menE
BW25113_2261	menC
BW25113_2262	menB
BW25113_2263	menH
BW25113_2264	menD
BW25113_2265	menF
BW25113_2266	elaB
BW25113_2267	elaA
BW25113_2268	rbn
BW25113_2269	elaD
BW25113_2270	yfbK
BW25113_2271	yfbL
BW25113_2272	yfbM
BW25113_2273	yfbN
BW25113_2274	yfbO
BW25113_2275	yfbP
BW25113_2276	nuoN
BW25113_2277	nuoM
BW25113_2278	nuoL
BW25113_2279	nuoK
BW25113_2280	nuoJ
BW25113_2281	nuoI
BW25113_2282	nuoH
BW25113_2283	nuoG
BW25113_2284	nuoF
BW25113_2285	nuoE
BW25113_2286	nuoC
BW25113_2287	nuoB
BW25113_2288	nuoA
BW25113_2289	lrhA
BW25113_2290	alaA
BW25113_2291	yfbR
BW25113_2292	yfbS
BW25113_2293	yfbT
BW25113_2294	yfbU
BW25113_2295	yfbV
BW25113_2296	ackA
BW25113_2297	pta
BW25113_2298	yfcC
BW25113_2299	yfcD
BW25113_2300	yfcE
BW25113_2301	yfcF
BW25113_2302	yfcG
BW25113_2303	folX
BW25113_2304	yfcH
BW25113_2305	yfcI
BW25113_2306	hisP
BW25113_2307	hisM
BW25113_2308	hisQ
BW25113_2309	hisJ
BW25113_2310	argT
BW25113_2311	ubiX
BW25113_2312	purF
BW25113_2313	cvpA
BW25113_2314	dedD
BW25113_2315	folC
BW25113_2316	accD
BW25113_2317	dedA
BW25113_2318	truA
BW25113_2319	usg
BW25113_2320	pdxB
BW25113_2321	flk
BW25113_2322	yfcJ
BW25113_2323	fabB
BW25113_2324	mnmC
BW25113_2325	yfcL
BW25113_2326	epmC
BW25113_2327	yfcA
BW25113_2328	mepA
BW25113_2329	aroC
BW25113_2330	prmB
BW25113_2331	smrB
BW25113_2332	yfcO
BW25113_2333	yfcP
BW25113_2334	yfcQ
BW25113_2335	yfcR
BW25113_2336	yfcS
BW25113_2339	yfcV
BW25113_2340	sixA
BW25113_2341	fadJ
BW25113_2342	fadI
BW25113_2343	yfcZ
BW25113_2344	fadL
BW25113_2345	yfdF
BW25113_2346	mlaA
BW25113_2347	yfdC
BW25113_2349	intS
BW25113_2350	gtrA
BW25113_2351	gtrB
BW25113_2352	gtrS
BW25113_2354	yfdK
BW25113_2357	yfdN
BW25113_2359	yfdP
BW25113_2360	yfdQ
BW25113_2361	yfdR
BW25113_2362	yfdS
BW25113_2363	yfdT
BW25113_4501	torI
BW25113_2364	dsdC
BW25113_2365	dsdX
BW25113_2366	dsdA
BW25113_2367	emrY
BW25113_2368	emrK
BW25113_2369	evgA
BW25113_2370	evgS
BW25113_2371	yfdE
BW25113_2372	yfdV
BW25113_2373	oxc
BW25113_2374	frc
BW25113_2375	yfdX
BW25113_2376	ypdI
BW25113_2377	yfdY
BW25113_2378	lpxP
BW25113_4680	ypdK
BW25113_2379	alaC
BW25113_2380	ypdA
BW25113_2381	ypdB
BW25113_2382	ypdC
BW25113_2383	fryA
BW25113_2384	ypdE
BW25113_2385	ypdF
BW25113_2386	fryC
BW25113_2387	fryB
BW25113_2388	glk
BW25113_2389	yfeO
BW25113_2390	ypeC
BW25113_2392	mntH
BW25113_2393	nupC
BW25113_2394	insL1
BW25113_2395	yfeA
BW25113_2398	yfeC
BW25113_2399	yfeD
BW25113_2400	gltX
BW25113_2405	xapR
BW25113_2406	xapB
BW25113_2407	xapA
BW25113_2408	yfeN
BW25113_2409	yfeR
BW25113_2410	yfeH
BW25113_4546	ypeB
BW25113_2411	ligA
BW25113_2412	zipA
BW25113_2413	cysZ
BW25113_2414	cysK
BW25113_2415	ptsH
BW25113_2416	ptsI
BW25113_2417	crr
BW25113_2418	pdxK
BW25113_2419	yfeK
BW25113_2420	yfeS
BW25113_2421	cysM
BW25113_2422	cysA
BW25113_2423	cysW
BW25113_2424	cysU
BW25113_2425	cysP
BW25113_2426	ucpA
BW25113_2427	murR
BW25113_2428	murQ
BW25113_2429	murP
BW25113_2430	yfeW
BW25113_2431	yfeX
BW25113_2432	yfeY
BW25113_2433	yfeZ
BW25113_2434	ypeA
BW25113_2435	amiA
BW25113_2436	hemF
BW25113_2437	eutR
BW25113_2438	eutK
BW25113_2439	eutL
BW25113_2440	eutC
BW25113_2441	eutB
BW25113_2442	intZ
BW25113_2443	yffL
BW25113_2444	yffM
BW25113_2445	yffN
BW25113_2446	yffO
BW25113_2447	yffP
BW25113_2448	yffQ
BW25113_2449	yffR
BW25113_2450	yffS
BW25113_2451	eutA
BW25113_2452	eutH
BW25113_2453	eutG
BW25113_2454	eutJ
BW25113_2455	eutE
BW25113_2456	eutN
BW25113_2457	eutM
BW25113_2458	eutD
BW25113_2459	eutT
BW25113_2460	eutQ
BW25113_2461	eutP
BW25113_2462	eutS
BW25113_2463	maeB
BW25113_2464	talA
BW25113_2465	tktB
BW25113_2466	ypfG
BW25113_2467	nudK
BW25113_2468	aegA
BW25113_2469	narQ
BW25113_2470	acrD
BW25113_4606	ypfM
BW25113_2471	yffB
BW25113_2472	dapE
BW25113_4547	ypfN
BW25113_2473	ypfH
BW25113_2474	tmcA
BW25113_2475	ypfJ
BW25113_2476	purC
BW25113_2477	bamC
BW25113_2478	dapA
BW25113_2479	gcvR
BW25113_2480	bcp
BW25113_2481	hyfA
BW25113_2482	hyfB
BW25113_2483	hyfC
BW25113_2484	hyfD
BW25113_2485	hyfE
BW25113_2486	hyfF
BW25113_2487	hyfG
BW25113_2488	hyfH
BW25113_2489	hyfI
BW25113_2490	hyfJ
BW25113_2491	hyfR
BW25113_2492	focB
BW25113_2493	yfgO
BW25113_2494	bepA
BW25113_2495	yfgD
BW25113_2496	hda
BW25113_2497	uraA
BW25113_2498	upp
BW25113_2499	purM
BW25113_2500	purN
BW25113_2501	ppk
BW25113_2502	ppx
BW25113_2503	yfgF
BW25113_2504	yfgG
BW25113_2505	yfgH
BW25113_2506	yfgI
BW25113_2507	guaA
BW25113_2508	guaB
BW25113_2509	xseA
BW25113_2510	yfgJ
BW25113_2511	der
BW25113_2512	bamB
BW25113_2513	yfgM
BW25113_2514	hisS
BW25113_2515	ispG
BW25113_2516	rodZ
BW25113_2517	rlmN
BW25113_2518	ndk
BW25113_2519	pbpC
BW25113_2520	yfhM
BW25113_2521	sseA
BW25113_2522	sseB
BW25113_2523	pepB
BW25113_2524	iscX
BW25113_2525	fdx
BW25113_2526	hscA
BW25113_2527	hscB
BW25113_2528	iscA
BW25113_2529	iscU
BW25113_2530	iscS
BW25113_2531	iscR
BW25113_2532	trmJ
BW25113_2533	suhB
BW25113_2534	yfhR
BW25113_2535	csiE
BW25113_2536	hcaT
BW25113_2537	hcaR
BW25113_4706	iroK
BW25113_2538	hcaE
BW25113_2539	hcaF
BW25113_2540	hcaC
BW25113_2541	hcaB
BW25113_2542	hcaD
BW25113_2543	yphA
BW25113_2544	yphB
BW25113_2545	yphC
BW25113_2546	yphD
BW25113_2547	yphE
BW25113_2548	yphF
BW25113_2549	yphG
BW25113_2550	yphH
BW25113_2551	glyA
BW25113_2552	hmp
BW25113_2553	glnB
BW25113_2554	glrR
BW25113_2555	yfhG
BW25113_2556	glrK
BW25113_2557	purL
BW25113_2558	mltF
BW25113_2559	tadA
BW25113_2560	pgpC
BW25113_2561	yfhH
BW25113_2562	yfhL
BW25113_4687	shoB
BW25113_2563	acpS
BW25113_2564	pdxJ
BW25113_2565	recO
BW25113_2566	era
BW25113_2567	rnc
BW25113_2568	lepB
BW25113_2569	lepA
BW25113_2570	rseC
BW25113_2571	rseB
BW25113_2572	rseA
BW25113_2573	rpoE
BW25113_2574	nadB
BW25113_2575	trmN
BW25113_2576	srmB
BW25113_2577	yfiE
BW25113_2578	eamB
BW25113_2579	grcA
BW25113_2580	ung
BW25113_2581	yfiF
BW25113_2582	trxC
BW25113_2583	yfiP
BW25113_2584	pka
BW25113_2585	pssA
BW25113_2586	yfiM
BW25113_2587	kgtP
BW25113_2592	clpB
BW25113_2593	yfiH
BW25113_2594	rluD
BW25113_2595	bamD
BW25113_2597	raiA
BW25113_2598	pheL
BW25113_2599	pheA
BW25113_2600	tyrA
BW25113_2601	aroF
BW25113_2602	yfiL
BW25113_2603	yfiR
BW25113_2604	yfiN
BW25113_2605	yfiB
BW25113_2606	rplS
BW25113_2607	trmD
BW25113_2608	rimM
BW25113_2609	rpsP
BW25113_2610	ffh
BW25113_2611	ypjD
BW25113_4461	yfjD
BW25113_2614	grpE
BW25113_2615	nadK
BW25113_2616	recN
BW25113_2617	bamE
BW25113_2618	ratB
BW25113_2619	ratA
BW25113_2620	smpB
BW25113_2622	intA
BW25113_2623	yfjH
BW25113_2624	alpA
BW25113_2625	yfjI
BW25113_2626	yfjJ
BW25113_2627	yfjK
BW25113_2628	yfjL
BW25113_2629	yfjM
BW25113_2630	rnlA
BW25113_2631	rnlB
BW25113_2632	yfjP
BW25113_2633	yfjQ
BW25113_2634	yfjR
BW25113_2635	ypjK
BW25113_2636	yfjS
BW25113_2637	yfjT
BW25113_2642	yfjW
BW25113_2643	yfjX
BW25113_2644	yfjY
BW25113_4548	ypjJ
BW25113_2645	yfjZ
BW25113_2646	ypjF
BW25113_2647	ypjA
BW25113_2659	csiD
BW25113_2660	lhgO
BW25113_2661	gabD
BW25113_2662	gabT
BW25113_2663	gabP
BW25113_2664	csiR
BW25113_2665	ygaU
BW25113_2666	yqaE
BW25113_2667	ygaV
BW25113_2668	ygaP
BW25113_2669	stpA
BW25113_2670	alaE
BW25113_2671	ygaC
BW25113_2672	ygaM
BW25113_2673	nrdH
BW25113_2674	nrdI
BW25113_2675	nrdE
BW25113_2676	nrdF
BW25113_2677	proV
BW25113_2678	proW
BW25113_2679	proX
BW25113_2682	ygaZ
BW25113_2683	ygaH
BW25113_2684	mprA
BW25113_2685	emrA
BW25113_2686	emrB
BW25113_2687	luxS
BW25113_2688	gshA
BW25113_2689	yqaA
BW25113_2690	yqaB
BW25113_2696	csrA
BW25113_2697	alaS
BW25113_2698	recX
BW25113_2699	recA
BW25113_2700	pncC
BW25113_2701	mltB
BW25113_2702	srlA
BW25113_2703	srlE
BW25113_2704	srlB
BW25113_2705	srlD
BW25113_2706	srlM
BW25113_2707	srlR
BW25113_2708	srlQ
BW25113_2709	norR
BW25113_2710	norV
BW25113_2711	norW
BW25113_2712	hypF
BW25113_2713	hydN
BW25113_2714	ascG
BW25113_2715	ascF
BW25113_2716	ascB
BW25113_2717	hycI
BW25113_2718	hycH
BW25113_2719	hycG
BW25113_2720	hycF
BW25113_2721	hycE
BW25113_2722	hycD
BW25113_2723	hycC
BW25113_2724	hycB
BW25113_2725	hycA
BW25113_2726	hypA
BW25113_2727	hypB
BW25113_2728	hypC
BW25113_2729	hypD
BW25113_2730	hypE
BW25113_2731	fhlA
BW25113_2732	ygbA
BW25113_2733	mutS
BW25113_2734	pphB
BW25113_2735	ygbI
BW25113_2736	ygbJ
BW25113_2737	ygbK
BW25113_2738	ygbL
BW25113_2739	ygbM
BW25113_2740	ygbN
BW25113_2741	rpoS
BW25113_2742	nlpD
BW25113_2743	pcm
BW25113_2744	umpG
BW25113_2745	truD
BW25113_2746	ispF
BW25113_2747	ispD
BW25113_2748	ftsB
BW25113_2749	ygbE
BW25113_2750	cysC
BW25113_2751	cysN
BW25113_2752	cysD
BW25113_2753	iap
BW25113_2754	ygbF
BW25113_2755	ygbT
BW25113_2756	casE
BW25113_2757	casD
BW25113_2758	casC
BW25113_2759	casB
BW25113_2760	casA
BW25113_2761	ygcB
BW25113_2762	cysH
BW25113_2763	cysI
BW25113_2764	cysJ
BW25113_2765	queD
BW25113_2766	ygcN
BW25113_2767	ygcO
BW25113_2768	ygcP
BW25113_2769	ygcQ
BW25113_2770	ygcR
BW25113_2771	ygcS
BW25113_4463	ygcU
BW25113_2774	ygcW
BW25113_2775	yqcE
BW25113_2776	ygcE
BW25113_2777	queE
BW25113_4682	yqcG
BW25113_2778	ygcG
BW25113_2779	eno
BW25113_2780	pyrG
BW25113_2781	mazG
BW25113_2782	mazF
BW25113_2783	mazE
BW25113_2784	relA
BW25113_2785	rlmD
BW25113_2786	barA
BW25113_2787	gudD
BW25113_2788	gudX
BW25113_2789	gudP
BW25113_2790	yqcA
BW25113_2791	truC
BW25113_2792	yqcC
BW25113_2793	syd
BW25113_2794	queF
BW25113_2795	ygdH
BW25113_2796	sdaC
BW25113_2797	sdaB
BW25113_2798	ygdG
BW25113_2799	fucO
BW25113_2800	fucA
BW25113_2801	fucP
BW25113_2802	fucI
BW25113_2803	fucK
BW25113_2804	fucU
BW25113_2805	fucR
BW25113_2806	rlmM
BW25113_2807	ygdD
BW25113_2808	gcvA
BW25113_2809	ygdI
BW25113_2810	csdA
BW25113_2811	csdE
BW25113_2812	tcdA
BW25113_2813	mltA
BW25113_2817	amiC
BW25113_2818	argA
BW25113_2819	recD
BW25113_2820	recB
BW25113_2821	ptrA
BW25113_2822	recC
BW25113_2823	ppdC
BW25113_2824	ygdB
BW25113_2825	ppdB
BW25113_2826	ppdA
BW25113_2827	thyA
BW25113_2828	lgt
BW25113_2829	ptsP
BW25113_2830	rppH
BW25113_2831	mutH
BW25113_2832	ygdQ
BW25113_2833	ygdR
BW25113_2834	tas
BW25113_2835	lplT
BW25113_2836	aas
BW25113_2837	galR
BW25113_2838	lysA
BW25113_2839	lysR
BW25113_2840	ygeA
BW25113_2841	araE
BW25113_2842	kduD
BW25113_2843	kduI
BW25113_2844	yqeF
BW25113_2845	yqeG
BW25113_2846	yqeH
BW25113_2847	yqeI
BW25113_2848	yqeJ
BW25113_4683	yqeL
BW25113_2849	yqeK
BW25113_2851	ygeG
BW25113_2852	ygeH
BW25113_2853	ygeI
BW25113_2860	insD1
BW25113_2861	insC1
BW25113_2865	ygeR
BW25113_2866	xdhA
BW25113_2867	xdhB
BW25113_2868	xdhC
BW25113_2869	ygeV
BW25113_2870	ygeW
BW25113_2871	ygeX
BW25113_2872	ygeY
BW25113_2873	hyuA
BW25113_2874	yqeA
BW25113_2875	yqeB
BW25113_2876	yqeC
BW25113_2877	mocA
BW25113_2878	ygfK
BW25113_2879	ssnA
BW25113_2880	ygfM
BW25113_2881	xdhD
BW25113_2882	xanQ
BW25113_2883	guaD
BW25113_4464	ygfQ
BW25113_2886	ygfS
BW25113_2887	ygfT
BW25113_2888	uacT
BW25113_4684	yqfG
BW25113_2889	idi
BW25113_2890	lysS
BW25113_2891	prfB
BW25113_2891	prfB
BW25113_2892	recJ
BW25113_2893	dsbC
BW25113_2894	xerD
BW25113_2895	fldB
BW25113_2896	cptA
BW25113_2897	sdhE
BW25113_2898	ygfZ
BW25113_2899	yqfA
BW25113_2900	yqfB
BW25113_2901	bglA
BW25113_2902	ygfF
BW25113_2903	gcvP
BW25113_2904	gcvH
BW25113_2905	gcvT
BW25113_2906	ubiI
BW25113_2907	ubiH
BW25113_2908	pepP
BW25113_2909	ygfB
BW25113_2910	zapA
BW25113_2912	fau
BW25113_4665	ibsC
BW25113_2913	serA
BW25113_2914	rpiA
BW25113_2916	argP
BW25113_2917	scpA
BW25113_2918	argK
BW25113_2919	scpB
BW25113_2920	scpC
BW25113_2921	ygfI
BW25113_2922	yggE
BW25113_2923	argO
BW25113_2924	mscS
BW25113_2925	fbaA
BW25113_2926	pgk
BW25113_2927	epd
BW25113_2928	yggC
BW25113_2929	yggD
BW25113_2930	yggF
BW25113_4465	yggP
BW25113_2933	cmtA
BW25113_2934	cmtB
BW25113_2935	tktA
BW25113_2936	loiP
BW25113_2937	speB
BW25113_2938	speA
BW25113_2939	yqgB
BW25113_2940	yqgC
BW25113_2942	metK
BW25113_2943	galP
BW25113_2944	yggI
BW25113_2945	endA
BW25113_2946	rsmE
BW25113_2947	gshB
BW25113_2948	yqgE
BW25113_2949	yqgF
BW25113_2950	yggR
BW25113_2951	yggS
BW25113_2952	yggT
BW25113_2953	yggU
BW25113_2954	rdgB
BW25113_2955	yggW
BW25113_2956	yggM
BW25113_2957	ansB
BW25113_2958	yggN
BW25113_2959	yggL
BW25113_2960	trmI
BW25113_2961	mutY
BW25113_2962	yggX
BW25113_2963	mltC
BW25113_2964	nupG
BW25113_2965	speC
BW25113_2966	yqgA
BW25113_2968	yghD
BW25113_2971	yghG
BW25113_2972	pppA
BW25113_4466	yghJ
BW25113_2975	glcA
BW25113_2976	glcB
BW25113_2977	glcG
BW25113_4467	glcF
BW25113_4468	glcE
BW25113_2979	glcD
BW25113_2980	glcC
BW25113_2982	insH1
BW25113_2983	yghQ
BW25113_2984	yghR
BW25113_2985	yghS
BW25113_2986	yghT
BW25113_2987	pitB
BW25113_2988	gss
BW25113_2989	yghU
BW25113_2990	hybG
BW25113_2991	hybF
BW25113_2992	hybE
BW25113_2993	hybD
BW25113_2994	hybC
BW25113_2995	hybB
BW25113_2996	hybA
BW25113_2997	hybO
BW25113_2998	yghW
BW25113_3001	gpr
BW25113_3002	yqhA
BW25113_3003	yghA
BW25113_3005	exbD
BW25113_3006	exbB
BW25113_3008	metC
BW25113_3009	yghB
BW25113_3010	yqhC
BW25113_3011	yqhD
BW25113_3012	dkgA
BW25113_3013	yqhG
BW25113_3014	yqhH
BW25113_4469	ygiQ
BW25113_3017	ftsP
BW25113_3018	plsC
BW25113_3019	parC
BW25113_3020	ygiS
BW25113_3021	mqsA
BW25113_3022	mqsR
BW25113_3023	ygiV
BW25113_3024	ygiW
BW25113_3025	qseB
BW25113_3026	qseC
BW25113_3027	ygiZ
BW25113_3028	mdaB
BW25113_3029	ygiN
BW25113_3030	parE
BW25113_3031	yqiA
BW25113_3032	cpdA
BW25113_3033	yqiB
BW25113_3034	nudF
BW25113_3035	tolC
BW25113_3037	ygiB
BW25113_3038	ygiC
BW25113_3039	ygiD
BW25113_3040	zupT
BW25113_3041	ribB
BW25113_3042	yqiC
BW25113_3043	ygiL
BW25113_3044	insC1
BW25113_3045	insD1
BW25113_3047	yqiH
BW25113_3048	yqiI
BW25113_3049	glgS
BW25113_3050	yqiJ
BW25113_3051	yqiK
BW25113_4664	ibsD
BW25113_4666	ibsE
BW25113_3052	hldE
BW25113_3053	glnE
BW25113_3054	ygiF
BW25113_3055	ygiM
BW25113_3056	cca
BW25113_3057	bacA
BW25113_3058	folB
BW25113_3059	plsY
BW25113_3060	ttdR
BW25113_3061	ttdA
BW25113_3062	ttdB
BW25113_3063	ttdT
BW25113_3064	tsaD
BW25113_3065	rpsU
BW25113_3066	dnaG
BW25113_3067	rpoD
BW25113_3068	mug
BW25113_3070	yqjH
BW25113_3071	yqjI
BW25113_3072	aer
BW25113_3073	patA
BW25113_3074	ygjH
BW25113_3075	ebgR
BW25113_3076	ebgA
BW25113_3077	ebgC
BW25113_3078	ygjI
BW25113_3079	ygjJ
BW25113_3080	ygjK
BW25113_3081	fadH
BW25113_3082	higA
BW25113_3083	higB
BW25113_3084	rlmG
BW25113_3085	ygjP
BW25113_3086	ygjQ
BW25113_3087	ygjR
BW25113_3088	alx
BW25113_3089	sstT
BW25113_3090	ygjV
BW25113_3091	uxaA
BW25113_3092	uxaC
BW25113_3093	exuT
BW25113_3094	exuR
BW25113_3095	yqjA
BW25113_3096	mzrA
BW25113_3097	yqjC
BW25113_3098	yqjD
BW25113_3099	yqjE
BW25113_3100	yqjK
BW25113_3101	yqjF
BW25113_3102	yqjG
BW25113_3103	yhaH
BW25113_3104	yhaI
BW25113_3105	yhaJ
BW25113_3106	yhaK
BW25113_3107	yhaL
BW25113_4470	yhaM
BW25113_3110	yhaO
BW25113_4471	tdcG
BW25113_3113	tdcF
BW25113_3114	tdcE
BW25113_3115	tdcD
BW25113_3116	tdcC
BW25113_3117	tdcB
BW25113_3118	tdcA
BW25113_3119	tdcR
BW25113_3120	yhaB
BW25113_3121	yhaC
BW25113_3124	garK
BW25113_3125	garR
BW25113_3126	garL
BW25113_3127	garP
BW25113_3128	garD
BW25113_3129	prlF
BW25113_3130	yhaV
BW25113_3131	agaR
BW25113_3132	kbaZ
BW25113_3133	agaV
BW25113_3136	agaS
BW25113_3137	kbaY
BW25113_3138	agaB
BW25113_3139	agaC
BW25113_3140	agaD
BW25113_3141	agaI
BW25113_3142	yraH
BW25113_3143	yraI
BW25113_3144	yraJ
BW25113_3145	yraK
BW25113_3146	rsmI
BW25113_3147	lpoA
BW25113_3148	yraN
BW25113_3149	diaA
BW25113_3150	yraP
BW25113_3151	yraQ
BW25113_3152	yraR
BW25113_3153	yhbO
BW25113_3154	yhbP
BW25113_3155	yhbQ
BW25113_3156	yhbS
BW25113_3157	yhbT
BW25113_3158	yhbU
BW25113_3159	yhbV
BW25113_3160	yhbW
BW25113_3161	mtr
BW25113_3162	deaD
BW25113_4685	yrbN
BW25113_3163	nlpI
BW25113_3164	pnp
BW25113_3165	rpsO
BW25113_3166	truB
BW25113_3167	rbfA
BW25113_3168	infB
BW25113_3169	nusA
BW25113_3170	rimP
BW25113_3172	argG
BW25113_3173	yhbX
BW25113_3175	secG
BW25113_3176	glmM
BW25113_3177	folP
BW25113_3178	ftsH
BW25113_3179	rlmE
BW25113_3180	yhbY
BW25113_3181	greA
BW25113_3182	dacB
BW25113_3183	obgE
BW25113_3184	yhbE
BW25113_3185	rpmA
BW25113_3186	rplU
BW25113_3187	ispB
BW25113_3188	sfsB
BW25113_3189	murA
BW25113_3190	ibaG
BW25113_3191	mlaB
BW25113_3192	mlaC
BW25113_3193	mlaD
BW25113_3194	mlaE
BW25113_3195	mlaF
BW25113_3196	yrbG
BW25113_3197	kdsD
BW25113_3198	kdsC
BW25113_3199	lptC
BW25113_3200	lptA
BW25113_3201	lptB
BW25113_3202	rpoN
BW25113_3203	hpf
BW25113_3204	ptsN
BW25113_3205	yhbJ
BW25113_3206	npr
BW25113_3207	yrbL
BW25113_3208	mtgA
BW25113_3209	elbB
BW25113_3210	arcB
BW25113_3211	yhcC
BW25113_3212	gltB
BW25113_3213	gltD
BW25113_3214	gltF
BW25113_3215	yhcA
BW25113_3216	yhcD
BW25113_3218	insH1
BW25113_3219	yhcF
BW25113_3220	yhcG
BW25113_3221	yhcH
BW25113_3222	nanK
BW25113_3223	nanE
BW25113_3224	nanT
BW25113_3225	nanA
BW25113_3226	nanR
BW25113_3227	dcuD
BW25113_3228	sspB
BW25113_3229	sspA
BW25113_3230	rpsI
BW25113_3231	rplM
BW25113_3232	yhcM
BW25113_3233	yhcB
BW25113_3234	degQ
BW25113_3235	degS
BW25113_3236	mdh
BW25113_3237	argR
BW25113_3238	yhcN
BW25113_3239	yhcO
BW25113_3240	aaeB
BW25113_3241	aaeA
BW25113_3242	aaeX
BW25113_3243	aaeR
BW25113_3244	tldD
BW25113_4472	yhdP
BW25113_3247	rng
BW25113_3248	yhdE
BW25113_3249	mreD
BW25113_3250	mreC
BW25113_3251	mreB
BW25113_3252	csrD
BW25113_3253	acuI
BW25113_3255	accB
BW25113_3256	accC
BW25113_3257	yhdT
BW25113_3258	panF
BW25113_3259	prmA
BW25113_3260	dusB
BW25113_3261	fis
BW25113_3262	yhdJ
BW25113_3263	yhdU
BW25113_3264	acrS
BW25113_3265	acrE
BW25113_3266	acrF
BW25113_3267	yhdV
BW25113_3269	yhdX
BW25113_3270	yhdY
BW25113_3271	yhdZ
BW25113_3279	yrdA
BW25113_3280	yrdB
BW25113_3281	aroE
BW25113_3282	tsaC
BW25113_3283	yrdD
BW25113_3284	smg
BW25113_4473	smf
BW25113_3287	def
BW25113_3288	fmt
BW25113_3289	rsmB
BW25113_3290	trkA
BW25113_3291	mscL
BW25113_4550	arfA
BW25113_3292	zntR
BW25113_3293	yhdN
BW25113_3294	rplQ
BW25113_3295	rpoA
BW25113_3296	rpsD
BW25113_3297	rpsK
BW25113_3298	rpsM
BW25113_3299	rpmJ
BW25113_3300	secY
BW25113_3301	rplO
BW25113_3302	rpmD
BW25113_3303	rpsE
BW25113_3304	rplR
BW25113_3305	rplF
BW25113_3306	rpsH
BW25113_3307	rpsN
BW25113_3308	rplE
BW25113_3309	rplX
BW25113_3310	rplN
BW25113_3311	rpsQ
BW25113_3312	rpmC
BW25113_3313	rplP
BW25113_3314	rpsC
BW25113_3315	rplV
BW25113_3316	rpsS
BW25113_3317	rplB
BW25113_3318	rplW
BW25113_3319	rplD
BW25113_3320	rplC
BW25113_3321	rpsJ
BW25113_3322	gspB
BW25113_3323	gspA
BW25113_3324	gspC
BW25113_3325	gspD
BW25113_3326	gspE
BW25113_3327	gspF
BW25113_3328	gspG
BW25113_3329	gspH
BW25113_3330	gspI
BW25113_3331	gspJ
BW25113_3332	gspK
BW25113_3333	gspL
BW25113_3334	gspM
BW25113_3335	gspO
BW25113_3336	bfr
BW25113_3337	bfd
BW25113_3338	chiA
BW25113_3339	tufA
BW25113_3340	fusA
BW25113_3341	rpsG
BW25113_3342	rpsL
BW25113_3343	tusB
BW25113_3344	tusC
BW25113_3345	tusD
BW25113_3346	yheO
BW25113_3347	fkpA
BW25113_3348	slyX
BW25113_3349	slyD
BW25113_4551	yheV
BW25113_3350	kefB
BW25113_3351	kefG
BW25113_3352	yheS
BW25113_3353	yheT
BW25113_3354	yheU
BW25113_3355	prkB
BW25113_3356	yhfA
BW25113_3357	crp
BW25113_3358	yhfK
BW25113_3359	argD
BW25113_3360	pabA
BW25113_3361	fic
BW25113_3362	yhfG
BW25113_3363	ppiA
BW25113_3364	tsgA
BW25113_3365	nirB
BW25113_3366	nirD
BW25113_3367	nirC
BW25113_3368	cysG
BW25113_3369	yhfL
BW25113_3370	frlA
BW25113_3371	frlB
BW25113_4474	frlC
BW25113_3374	frlD
BW25113_3375	frlR
BW25113_3376	yhfS
BW25113_3377	yhfT
BW25113_3378	yhfU
BW25113_3379	php
BW25113_3380	yhfW
BW25113_3381	yhfX
BW25113_3382	yhfY
BW25113_3383	yhfZ
BW25113_3384	trpS
BW25113_3385	gph
BW25113_3386	rpe
BW25113_3387	dam
BW25113_3388	damX
BW25113_3389	aroB
BW25113_3390	aroK
BW25113_3391	hofQ
BW25113_3392	hofP
BW25113_3393	hofO
BW25113_3394	hofN
BW25113_3395	hofM
BW25113_3396	mrcA
BW25113_3397	nudE
BW25113_3398	yrfF
BW25113_3399	yrfG
BW25113_3400	hslR
BW25113_3401	hslO
BW25113_3402	yhgE
BW25113_3403	pck
BW25113_3404	envZ
BW25113_3405	ompR
BW25113_3406	greB
BW25113_3407	yhgF
BW25113_3408	feoA
BW25113_3409	feoB
BW25113_3410	feoC
BW25113_3411	yhgA
BW25113_3412	bioH
BW25113_3413	gntX
BW25113_3414	nfuA
BW25113_3415	gntT
BW25113_3416	malQ
BW25113_3417	malP
BW25113_3418	malT
BW25113_4475	rtcA
BW25113_3421	rtcB
BW25113_3422	rtcR
BW25113_3423	glpR
BW25113_3424	glpG
BW25113_3425	glpE
BW25113_3426	glpD
BW25113_3428	glgP
BW25113_3429	glgA
BW25113_3430	glgC
BW25113_3431	glgX
BW25113_3432	glgB
BW25113_3433	asd
BW25113_3434	yhgN
BW25113_4476	gntU
BW25113_3437	gntK
BW25113_3438	gntR
BW25113_3439	yhhW
BW25113_3440	yhhX
BW25113_3441	yhhY
BW25113_3442	yhhZ
BW25113_3444	insA
BW25113_3445	insB1
BW25113_3446	yrhB
BW25113_3447	ggt
BW25113_3448	yhhA
BW25113_3449	ugpQ
BW25113_3450	ugpC
BW25113_3451	ugpE
BW25113_3452	ugpA
BW25113_3453	ugpB
BW25113_3454	livF
BW25113_3455	livG
BW25113_3456	livM
BW25113_3457	livH
BW25113_3458	livK
BW25113_3459	panM
BW25113_3460	livJ
BW25113_3461	rpoH
BW25113_3462	ftsX
BW25113_3463	ftsE
BW25113_3464	ftsY
BW25113_3465	rsmD
BW25113_3466	yhhL
BW25113_3467	yhhM
BW25113_3468	yhhN
BW25113_3469	zntA
BW25113_3470	tusA
BW25113_3471	yhhQ
BW25113_3472	dcrB
BW25113_3473	yhhS
BW25113_3474	yhhT
BW25113_3475	acpT
BW25113_3476	nikA
BW25113_3477	nikB
BW25113_3478	nikC
BW25113_3479	nikD
BW25113_3480	nikE
BW25113_3481	nikR
BW25113_3482	rhsB
BW25113_3483	yhhH
BW25113_3484	yhhI
BW25113_3485	yhhJ
BW25113_3486	rbbA
BW25113_3487	yhiI
BW25113_3488	yhiJ
BW25113_3491	yhiM
BW25113_3492	yhiN
BW25113_3493	pitA
BW25113_3494	uspB
BW25113_3495	uspA
BW25113_3496	dtpB
BW25113_3497	rsmJ
BW25113_3498	prlC
BW25113_3499	rlmJ
BW25113_3500	gor
BW25113_4613	dinQ
BW25113_3501	arsR
BW25113_3502	arsB
BW25113_3503	arsC
BW25113_3505	insH1
BW25113_3506	slp
BW25113_3507	dctR
BW25113_3508	yhiD
BW25113_3509	hdeB
BW25113_3510	hdeA
BW25113_3511	hdeD
BW25113_3512	gadE
BW25113_3513	mdtE
BW25113_3514	mdtF
BW25113_3515	gadW
BW25113_3516	gadX
BW25113_3517	gadA
BW25113_3518	yhjA
BW25113_3519	treF
BW25113_3520	yhjB
BW25113_3521	yhjC
BW25113_3522	yhjD
BW25113_3523	yhjE
BW25113_3524	yhjG
BW25113_3525	yhjH
BW25113_3526	kdgK
BW25113_3527	yhjJ
BW25113_3528	dctA
BW25113_3529	yhjK
BW25113_3530	bcsC
BW25113_3531	bcsZ
BW25113_3532	bcsB
BW25113_3533	bcsA
BW25113_3535	yhjR
BW25113_3536	bcsE
BW25113_3537	bcsF
BW25113_3538	bcsG
BW25113_4453	ldrD
BW25113_3539	yhjV
BW25113_3540	dppF
BW25113_3541	dppD
BW25113_3542	dppC
BW25113_3543	dppB
BW25113_3544	dppA
BW25113_3546	eptB
BW25113_3547	yhjX
BW25113_3548	yhjY
BW25113_3549	tag
BW25113_3550	yiaC
BW25113_3551	bisC
BW25113_3552	yiaD
BW25113_3553	ghrB
BW25113_3554	yiaF
BW25113_3555	yiaG
BW25113_3556	cspA
BW25113_4455	hokA
BW25113_3557	insJ
BW25113_3558	insK
BW25113_3559	glyS
BW25113_3560	glyQ
BW25113_4553	ysaB
BW25113_3561	wecH
BW25113_3562	yiaA
BW25113_3563	yiaB
BW25113_3564	xylB
BW25113_3565	xylA
BW25113_3566	xylF
BW25113_3567	xylG
BW25113_3568	xylH
BW25113_3569	xylR
BW25113_3570	bax
BW25113_3571	malS
BW25113_3572	avtA
BW25113_3573	ysaA
BW25113_3574	yiaJ
BW25113_3575	yiaK
BW25113_3576	yiaL
BW25113_3577	yiaM
BW25113_3578	yiaN
BW25113_3579	yiaO
BW25113_3580	lyxK
BW25113_3581	sgbH
BW25113_3582	sgbU
BW25113_3583	sgbE
BW25113_3584	yiaT
BW25113_3585	yiaU
BW25113_3586	yiaV
BW25113_3587	yiaW
BW25113_3588	aldB
BW25113_3589	yiaY
BW25113_3590	selB
BW25113_3591	selA
BW25113_3592	yibF
BW25113_3593	rhsA
BW25113_3594	yibA
BW25113_3596	yibG
BW25113_3597	yibH
BW25113_3598	yibI
BW25113_3599	mtlA
BW25113_3600	mtlD
BW25113_3601	mtlR
BW25113_4554	yibT
BW25113_3602	yibL
BW25113_3603	lldP
BW25113_3604	lldR
BW25113_3605	lldD
BW25113_3606	trmL
BW25113_3607	cysE
BW25113_3608	gpsA
BW25113_3609	secB
BW25113_3610	grxC
BW25113_3611	yibN
BW25113_3612	gpmM
BW25113_3613	envC
BW25113_3614	yibQ
BW25113_3615	waaH
BW25113_3616	tdh
BW25113_3617	kbl
BW25113_3618	yibB
BW25113_3619	hldD
BW25113_3620	waaF
BW25113_3621	waaC
BW25113_3622	waaL
BW25113_3623	waaU
BW25113_3624	waaZ
BW25113_3625	waaY
BW25113_3626	waaJ
BW25113_3627	waaR
BW25113_3628	waaB
BW25113_3629	waaS
BW25113_3630	waaP
BW25113_3631	waaG
BW25113_3632	waaQ
BW25113_3633	waaA
BW25113_3634	coaD
BW25113_3635	mutM
BW25113_3636	rpmG
BW25113_3637	rpmB
BW25113_3638	yicR
BW25113_3639	dfp
BW25113_3640	dut
BW25113_3641	slmA
BW25113_3642	pyrE
BW25113_3644	yicC
BW25113_3645	dinD
BW25113_3646	yicG
BW25113_3647	ligB
BW25113_3648	gmk
BW25113_3649	rpoZ
BW25113_3650	spoT
BW25113_3651	trmH
BW25113_3652	recG
BW25113_3653	gltS
BW25113_3654	xanP
BW25113_3655	yicH
BW25113_3656	yicI
BW25113_3657	yicJ
BW25113_3659	setC
BW25113_3660	yicL
BW25113_3661	nlpA
BW25113_4555	yicS
BW25113_3662	nepI
BW25113_3663	yicN
BW25113_3664	yicO
BW25113_3665	ade
BW25113_3666	uhpT
BW25113_3667	uhpC
BW25113_3668	uhpB
BW25113_3669	uhpA
BW25113_3670	ilvN
BW25113_3671	ilvB
BW25113_3672	ivbL
BW25113_4618	tisB
BW25113_3673	emrD
BW25113_3674	yidF
BW25113_3675	yidG
BW25113_3676	yidH
BW25113_3677	yidI
BW25113_3678	yidJ
BW25113_3679	yidK
BW25113_3680	yidL
BW25113_3684	yidP
BW25113_3685	yidE
BW25113_3686	ibpB
BW25113_3687	ibpA
BW25113_3688	yidQ
BW25113_3689	yidR
BW25113_3690	cbrA
BW25113_3691	dgoT
BW25113_4478	dgoD
BW25113_4477	dgoA
BW25113_3693	dgoK
BW25113_4479	dgoR
BW25113_3696	yidX
BW25113_3697	yidA
BW25113_3698	yidB
BW25113_3699	gyrB
BW25113_3700	recF
BW25113_3701	dnaN
BW25113_3702	dnaA
BW25113_3703	rpmH
BW25113_3704	rnpA
BW25113_4557	yidD
BW25113_3705	yidC
BW25113_3706	mnmE
BW25113_3707	tnaC
BW25113_3708	tnaA
BW25113_3709	tnaB
BW25113_3710	mdtL
BW25113_3711	yidZ
BW25113_3712	yieE
BW25113_3713	chrR
BW25113_3714	purP
BW25113_3715	yieH
BW25113_3716	cbrB
BW25113_3717	cbrC
BW25113_3718	yieK
BW25113_3719	yieL
BW25113_3720	bglH
BW25113_3721	bglB
BW25113_3722	bglF
BW25113_3723	bglG
BW25113_3724	phoU
BW25113_3725	pstB
BW25113_3726	pstA
BW25113_3727	pstC
BW25113_3728	pstS
BW25113_3729	glmS
BW25113_3730	glmU
BW25113_3731	atpC
BW25113_3732	atpD
BW25113_3733	atpG
BW25113_3734	atpA
BW25113_3735	atpH
BW25113_3736	atpF
BW25113_3737	atpE
BW25113_3738	atpB
BW25113_3739	atpI
BW25113_3740	rsmG
BW25113_3741	mnmG
BW25113_3742	mioC
BW25113_3743	asnC
BW25113_3744	asnA
BW25113_3745	viaA
BW25113_3746	ravA
BW25113_3747	kup
BW25113_3748	rbsD
BW25113_3749	rbsA
BW25113_3750	rbsC
BW25113_3751	rbsB
BW25113_3752	rbsK
BW25113_3753	rbsR
BW25113_3754	hsrA
BW25113_3755	yieP
BW25113_4480	hdfR
BW25113_3764	yifE
BW25113_3765	yifB
BW25113_3766	ilvL
BW25113_4669	ilvX
BW25113_3769	ilvM
BW25113_3770	ilvE
BW25113_3771	ilvD
BW25113_3772	ilvA
BW25113_3773	ilvY
BW25113_3774	ilvC
BW25113_3775	ppiC
BW25113_3778	rep
BW25113_3779	gpp
BW25113_3780	rhlB
BW25113_3781	trxA
BW25113_3783	rho
BW25113_3784	wecA
BW25113_3785	wzzE
BW25113_3786	wecB
BW25113_3787	wecC
BW25113_3788	rffG
BW25113_3789	rffH
BW25113_3790	wecD
BW25113_3791	wecE
BW25113_3792	wzxE
BW25113_4481	wecF
BW25113_3793	wzyE
BW25113_3794	wecG
BW25113_3795	yifK
BW25113_3800	aslB
BW25113_3801	aslA
BW25113_3802	hemY
BW25113_3803	hemX
BW25113_3804	hemD
BW25113_3805	hemC
BW25113_3806	cyaA
BW25113_3807	cyaY
BW25113_4558	yifL
BW25113_3809	dapF
BW25113_3810	yigA
BW25113_3811	xerC
BW25113_3812	yigB
BW25113_3813	uvrD
BW25113_4482	yigE
BW25113_3816	corA
BW25113_3817	yigF
BW25113_3818	yigG
BW25113_3819	rarD
BW25113_3820	yigI
BW25113_3821	pldA
BW25113_3822	recQ
BW25113_3823	rhtC
BW25113_3824	rhtB
BW25113_3825	pldB
BW25113_3826	yigL
BW25113_3827	yigM
BW25113_3828	metR
BW25113_3829	metE
BW25113_3830	ysgA
BW25113_3831	udp
BW25113_3832	rmuC
BW25113_3833	ubiE
BW25113_3834	ubiJ
BW25113_3835	ubiB
BW25113_3836	tatA
BW25113_3838	tatB
BW25113_3839	tatC
BW25113_4483	tatD
BW25113_3842	rfaH
BW25113_3843	ubiD
BW25113_3844	fre
BW25113_3845	fadA
BW25113_3846	fadB
BW25113_3847	pepQ
BW25113_3848	yigZ
BW25113_3849	trkH
BW25113_3850	hemG
BW25113_3856	mobB
BW25113_3857	mobA
BW25113_3858	yihD
BW25113_3859	srkA
BW25113_3860	dsbA
BW25113_3861	yihF
BW25113_3862	yihG
BW25113_3863	polA
BW25113_3865	yihA
BW25113_3866	yihI
BW25113_3867	hemN
BW25113_4686	yshB
BW25113_3868	glnG
BW25113_3869	glnL
BW25113_3870	glnA
BW25113_3871	typA
BW25113_3872	yihL
BW25113_3873	yihM
BW25113_3874	yihN
BW25113_3875	ompL
BW25113_3876	yihO
BW25113_3877	yihP
BW25113_3878	yihQ
BW25113_3879	yihR
BW25113_3880	yihS
BW25113_3881	yihT
BW25113_3882	yihU
BW25113_3883	yihV
BW25113_3884	yihW
BW25113_3885	yihX
BW25113_3886	yihY
BW25113_3887	dtd
BW25113_3888	yiiD
BW25113_3889	yiiE
BW25113_3890	yiiF
BW25113_3891	fdhE
BW25113_3892	fdoI
BW25113_3893	fdoH
BW25113_3894	fdoG
BW25113_3895	fdhD
BW25113_3896	yiiG
BW25113_3897	frvR
BW25113_3898	frvX
BW25113_3899	frvB
BW25113_3900	frvA
BW25113_3901	rhaM
BW25113_3905	rhaS
BW25113_3906	rhaR
BW25113_3907	rhaT
BW25113_3908	sodA
BW25113_3909	kdgT
BW25113_3910	yiiM
BW25113_3911	cpxA
BW25113_3912	cpxR
BW25113_4484	cpxP
BW25113_3915	fieF
BW25113_3916	pfkA
BW25113_3917	sbp
BW25113_3918	cdh
BW25113_3919	tpiA
BW25113_3920	yiiQ
BW25113_3921	yiiR
BW25113_3922	yiiS
BW25113_3923	uspD
BW25113_3924	fpr
BW25113_3925	glpX
BW25113_3926	glpK
BW25113_3927	glpF
BW25113_3928	zapB
BW25113_3929	rraA
BW25113_3930	menA
BW25113_3931	hslU
BW25113_3932	hslV
BW25113_3933	ftsN
BW25113_3934	cytR
BW25113_3935	priA
BW25113_3936	rpmE
BW25113_3937	yiiX
BW25113_3938	metJ
BW25113_3939	metB
BW25113_3940	metL
BW25113_3941	metF
BW25113_3942	katG
BW25113_3943	yijE
BW25113_3944	yijF
BW25113_3945	gldA
BW25113_3946	fsaB
BW25113_3947	frwA
BW25113_3949	frwC
BW25113_3950	frwB
BW25113_3951	pflD
BW25113_3952	pflC
BW25113_3953	frwD
BW25113_3954	yijO
BW25113_3955	eptC
BW25113_3956	ppc
BW25113_3957	argE
BW25113_3958	argC
BW25113_3959	argB
BW25113_3960	argH
BW25113_3961	oxyR
BW25113_3962	sthA
BW25113_3963	fabR
BW25113_3964	yijD
BW25113_3965	trmA
BW25113_3966	btuB
BW25113_3967	murI
BW25113_3972	murB
BW25113_3973	birA
BW25113_3974	coaA
BW25113_3980	tufB
BW25113_3981	secE
BW25113_3982	nusG
BW25113_3983	rplK
BW25113_3984	rplA
BW25113_3985	rplJ
BW25113_3986	rplL
BW25113_3987	rpoB
BW25113_3988	rpoC
BW25113_3989	yjaZ
BW25113_3990	thiH
BW25113_3991	thiG
BW25113_4407	thiS
BW25113_3992	thiF
BW25113_3993	thiE
BW25113_3994	thiC
BW25113_3995	rsd
BW25113_3996	nudC
BW25113_3997	hemE
BW25113_3998	nfi
BW25113_3999	yjaG
BW25113_4000	hupA
BW25113_4001	yjaH
BW25113_4002	zraP
BW25113_4003	zraS
BW25113_4004	zraR
BW25113_4005	purD
BW25113_4006	purH
BW25113_4011	yjaA
BW25113_4012	yjaB
BW25113_4013	metA
BW25113_4014	aceB
BW25113_4015	aceA
BW25113_4016	aceK
BW25113_4017	arpA
BW25113_4018	iclR
BW25113_4019	metH
BW25113_4020	yjbB
BW25113_4021	pepE
BW25113_4022	rluF
BW25113_4023	yjbD
BW25113_4024	lysC
BW25113_4025	pgi
BW25113_4026	yjbE
BW25113_4027	yjbF
BW25113_4028	yjbG
BW25113_4029	yjbH
BW25113_4620	yjbT
BW25113_4030	psiE
BW25113_4031	xylE
BW25113_4032	malG
BW25113_4033	malF
BW25113_4034	malE
BW25113_4035	malK
BW25113_4036	lamB
BW25113_4037	malM
BW25113_4039	ubiC
BW25113_4040	ubiA
BW25113_4041	plsB
BW25113_4042	dgkA
BW25113_4043	lexA
BW25113_4044	dinF
BW25113_4045	yjbJ
BW25113_4046	zur
BW25113_4047	yjbL
BW25113_4048	yjbM
BW25113_4049	dusA
BW25113_4050	pspG
BW25113_4051	qorA
BW25113_4052	dnaB
BW25113_4053	alr
BW25113_4054	tyrB
BW25113_4621	yjbS
BW25113_4055	aphA
BW25113_4056	yjbQ
BW25113_4057	yjbR
BW25113_4058	uvrA
BW25113_4059	ssb
BW25113_4060	yjcB
BW25113_4061	yjcC
BW25113_4062	soxS
BW25113_4063	soxR
BW25113_4064	yjcD
BW25113_4065	yjcE
BW25113_4066	yjcF
BW25113_4067	actP
BW25113_4068	yjcH
BW25113_4069	acs
BW25113_4070	nrfA
BW25113_4071	nrfB
BW25113_4072	nrfC
BW25113_4073	nrfD
BW25113_4074	nrfE
BW25113_4075	nrfF
BW25113_4076	nrfG
BW25113_4077	gltP
BW25113_4078	yjcO
BW25113_4079	fdhF
BW25113_4080	mdtP
BW25113_4081	mdtO
BW25113_4082	mdtN
BW25113_4622	ytcA
BW25113_4083	yjcS
BW25113_4084	alsK
BW25113_4085	alsE
BW25113_4086	alsC
BW25113_4087	alsA
BW25113_4088	alsB
BW25113_4089	alsR
BW25113_4090	rpiB
BW25113_4487	yjdP
BW25113_4092	phnP
BW25113_4093	phnO
BW25113_4094	phnN
BW25113_4095	phnM
BW25113_4096	phnL
BW25113_4097	phnK
BW25113_4098	phnJ
BW25113_4099	phnI
BW25113_4100	phnH
BW25113_4101	phnG
BW25113_4102	phnF
BW25113_4105	phnD
BW25113_4106	phnC
BW25113_4107	yjdN
BW25113_4108	yjdM
BW25113_4109	crfC
BW25113_4110	yjcZ
BW25113_4111	proP
BW25113_4703	pmrR
BW25113_4112	basS
BW25113_4113	basR
BW25113_4114	eptA
BW25113_4115	adiC
BW25113_4116	adiY
BW25113_4117	adiA
BW25113_4118	melR
BW25113_4119	melA
BW25113_4120	melB
BW25113_4121	yjdF
BW25113_4122	fumB
BW25113_4123	dcuB
BW25113_4124	dcuR
BW25113_4125	dcuS
BW25113_4126	yjdI
BW25113_4127	yjdJ
BW25113_4128	yjdK
BW25113_4559	yjdO
BW25113_4129	lysU
BW25113_4130	dtpC
BW25113_4131	cadA
BW25113_4132	cadB
BW25113_4133	cadC
BW25113_4135	yjdC
BW25113_4136	dsbD
BW25113_4137	cutA
BW25113_4138	dcuA
BW25113_4139	aspA
BW25113_4140	fxsA
BW25113_4141	yjeH
BW25113_4142	groS
BW25113_4143	groL
BW25113_4144	yjeI
BW25113_4145	yjeJ
BW25113_4146	epmB
BW25113_4147	efp
BW25113_4410	ecnA
BW25113_4411	ecnB
BW25113_4148	sugE
BW25113_4149	blc
BW25113_4150	ampC
BW25113_4151	frdD
BW25113_4152	frdC
BW25113_4153	frdB
BW25113_4154	frdA
BW25113_4155	epmA
BW25113_4156	yjeM
BW25113_4157	yjeN
BW25113_4158	yjeO
BW25113_4159	mscM
BW25113_4160	psd
BW25113_4161	rsgA
BW25113_4162	orn
BW25113_4670	yjeV
BW25113_4166	queG
BW25113_4167	nnr
BW25113_4168	tsaE
BW25113_4169	amiB
BW25113_4170	mutL
BW25113_4171	miaA
BW25113_4172	hfq
BW25113_4173	hflX
BW25113_4174	hflK
BW25113_4175	hflC
BW25113_4176	yjeT
BW25113_4177	purA
BW25113_4178	nsrR
BW25113_4179	rnr
BW25113_4180	rlmB
BW25113_4181	yjfI
BW25113_4182	yjfJ
BW25113_4183	yjfK
BW25113_4184	yjfL
BW25113_4185	yjfM
BW25113_4186	yjfC
BW25113_4187	aidB
BW25113_4188	yjfN
BW25113_4189	bsmA
BW25113_4190	yjfP
BW25113_4191	ulaR
BW25113_4192	ulaG
BW25113_4193	ulaA
BW25113_4194	ulaB
BW25113_4195	ulaC
BW25113_4196	ulaD
BW25113_4197	ulaE
BW25113_4198	ulaF
BW25113_4199	yjfY
BW25113_4200	rpsF
BW25113_4201	priB
BW25113_4202	rpsR
BW25113_4203	rplI
BW25113_4204	yjfZ
BW25113_4206	ytfB
BW25113_4207	fklB
BW25113_4208	cycA
BW25113_4209	ytfE
BW25113_4210	ytfF
BW25113_4211	qorB
BW25113_4212	ytfH
BW25113_4213	cpdB
BW25113_4214	cysQ
BW25113_4215	ytfI
BW25113_4216	ytfJ
BW25113_4217	ytfK
BW25113_4218	ytfL
BW25113_4219	msrA
BW25113_4220	tamA
BW25113_4221	tamB
BW25113_4222	ytfP
BW25113_4224	chpS
BW25113_4225	chpB
BW25113_4226	ppa
BW25113_4227	ytfQ
BW25113_4485	ytfR
BW25113_4230	ytfT
BW25113_4231	yjfF
BW25113_4232	fbp
BW25113_4233	mpl
BW25113_4234	yjgA
BW25113_4235	pmbA
BW25113_4237	nrdG
BW25113_4238	nrdD
BW25113_4239	treC
BW25113_4240	treB
BW25113_4241	treR
BW25113_4702	mgtL
BW25113_4242	mgtA
BW25113_4243	ridA
BW25113_4244	pyrI
BW25113_4245	pyrB
BW25113_4246	pyrL
BW25113_4248	yjgH
BW25113_4249	bdcA
BW25113_4251	bdcR
BW25113_4252	tabA
BW25113_4253	yjgL
BW25113_4254	argI
BW25113_4255	rraB
BW25113_4256	yjgM
BW25113_4257	yjgN
BW25113_4258	valS
BW25113_4259	holC
BW25113_4260	pepA
BW25113_4261	lptF
BW25113_4262	lptG
BW25113_4263	yjgR
BW25113_4264	idnR
BW25113_4265	idnT
BW25113_4266	idnO
BW25113_4267	idnD
BW25113_4268	idnK
BW25113_4269	ahr
BW25113_4272	insC1
BW25113_4273	insD1
BW25113_4277	yjgZ
BW25113_4278	insG
BW25113_4279	yjhB
BW25113_4280	yjhC
BW25113_4655	ythA
BW25113_4284	insI1
BW25113_4287	fecE
BW25113_4288	fecD
BW25113_4289	fecC
BW25113_4290	fecB
BW25113_4291	fecA
BW25113_4292	fecR
BW25113_4293	fecI
BW25113_4294	insA
BW25113_4295	yjhU
BW25113_4296	yjhF
BW25113_4297	yjhG
BW25113_4298	yjhH
BW25113_4299	yjhI
BW25113_4300	sgcR
BW25113_4301	sgcE
BW25113_4302	sgcA
BW25113_4303	sgcQ
BW25113_4304	sgcC
BW25113_4565	sgcB
BW25113_4305	sgcX
BW25113_4306	yjhP
BW25113_4307	yjhQ
BW25113_4566	yjhX
BW25113_4309	nanS
BW25113_4310	nanM
BW25113_4311	nanC
BW25113_4312	fimB
BW25113_4313	fimE
BW25113_4314	fimA
BW25113_4315	fimI
BW25113_4316	fimC
BW25113_4317	fimD
BW25113_4318	fimF
BW25113_4319	fimG
BW25113_4320	fimH
BW25113_4321	gntP
BW25113_4322	uxuA
BW25113_4323	uxuB
BW25113_4324	uxuR
BW25113_4325	yjiC
BW25113_4326	iraD
BW25113_4327	hypT
BW25113_4328	iadA
BW25113_4329	yjiG
BW25113_4330	yjiH
BW25113_4331	kptA
BW25113_4332	yjiJ
BW25113_4333	yjiK
BW25113_4334	yjiL
BW25113_4335	yjiM
BW25113_4336	yjiN
BW25113_4337	mdtM
BW25113_4340	yjiR
BW25113_4341	yjiS
BW25113_4345	mcrC
BW25113_4346	mcrB
BW25113_4347	symE
BW25113_4348	hsdS
BW25113_4349	hsdM
BW25113_4351	mrr
BW25113_4352	yjiA
BW25113_4353	yjiX
BW25113_4354	yjiY
BW25113_4355	tsr
BW25113_4356	yjjL
BW25113_4357	yjjM
BW25113_4358	yjjN
BW25113_4359	opgB
BW25113_4360	yjjA
BW25113_4361	dnaC
BW25113_4362	dnaT
BW25113_4363	yjjB
BW25113_4365	yjjQ
BW25113_4366	bglJ
BW25113_4367	fhuF
BW25113_4567	yjjZ
BW25113_4371	rsmC
BW25113_4372	holD
BW25113_4373	rimI
BW25113_4374	yjjG
BW25113_4375	prfC
BW25113_4376	osmY
BW25113_4568	ytjA
BW25113_4377	yjjU
BW25113_4378	yjjV
BW25113_4379	yjjW
BW25113_4380	yjjI
BW25113_4381	deoC
BW25113_4382	deoA
BW25113_4383	deoB
BW25113_4384	deoD
BW25113_4385	yjjJ
BW25113_4386	lplA
BW25113_4387	ytjB
BW25113_4388	serB
BW25113_4389	radA
BW25113_4390	nadR
BW25113_4391	yjjK
BW25113_4392	slt
BW25113_4393	trpR
BW25113_4394	yjjX
BW25113_4395	ytjC
BW25113_4396	rob
BW25113_4397	creA
BW25113_4398	creB
BW25113_4399	creC
BW25113_4400	creD
BW25113_4401	arcA
BW25113_4402	yjjY
BW25113_4403	yjtD
